"schema_version"	"domain"	"kind"	"id"	"name"	"value"	"stage_1"	"stage_2"	"stage_3"	"unit"	"data_type"	"attributes"	"formula"	"notes"
"1.0"	"meta"	"schema"	"balance_schema_version"	"平衡表结构版本"	"1.0"	""	""	""	"version"	"string"	""	""	"修改列结构时递增"
"1.0"	"meta"	"schema"	"balance_content_version"	"平衡内容版本"	"2026.07.16.1"	""	""	""	"version"	"string"	""	""	"首轮实际数值基准"
"1.0"	"meta"	"schema"	"runtime_source_policy"	"运行时数据策略"	"generated_resources"	""	""	""	"policy"	"string"	"payload=source=master_tsv;runtime=readonly_tres"	""	"TSV 为编辑源；游戏读取生成的只读 Resource"
"1.0"	"pacing"	"target"	"run_fast_minutes"	"胡局完整局时"	"36"	""	""	""	"minutes"	"float"	"payload=min=32;max=40"	""	"用于快速决策和胡局"
"1.0"	"pacing"	"target"	"run_p50_minutes"	"普通成功局时P50"	"48"	""	""	""	"minutes"	"float"	"payload=min=45;max=52"	""	"正式航程第一平衡目标"
"1.0"	"pacing"	"target"	"run_p90_minutes"	"谨慎搜刮局时P90"	"58"	""	""	""	"minutes"	"float"	"payload=min=55;max=60"	""	"超过60分钟视为节奏失败"
"1.0"	"pacing"	"config"	"completed_nodes"	"结算节点总数"	"21"	""	""	""	"count"	"int"	""	""	"不含三场Boss结算"
"1.0"	"pacing"	"config"	"stage_completed_nodes"	"各阶段结算节点"	""	"5"	"7"	"9"	"count"	"int"	""	"stage_sum=21"	"对应危机阈值增量"
"1.0"	"pacing"	"config"	"crisis_thresholds"	"Boss危机阈值"	""	"5"	"12"	"21"	"crisis"	"int"	""	""	"保持现有航程锚点"
"1.0"	"pacing"	"config"	"boss_count"	"Boss场数"	"3"	""	""	""	"count"	"int"	""	""	"每阶段一场"
"1.0"	"pacing"	"target"	"map_candidate_nodes"	"航图候选节点"	"50"	""	""	""	"count"	"int"	"payload=min=45;max=55"	""	"实际只完成21个"
"1.0"	"pacing"	"target"	"completed_battle_nodes"	"完成探索战斗节点"	"8.5"	""	""	""	"count"	"float"	"payload=min=8;max=9"	""	"P50计算使用8.5"
"1.0"	"pacing"	"target"	"completed_event_nodes"	"完成事件节点"	"6"	""	""	""	"count"	"int"	"payload=min=5;max=7"	""	"24项事件库的单局中位数"
"1.0"	"pacing"	"target"	"completed_reward_nodes"	"完成奖励节点"	"2"	""	""	""	"count"	"int"	"payload=min=1;max=3"	""	"Boss奖励另计"
"1.0"	"pacing"	"target"	"completed_beacon_nodes"	"激活信标节点"	"2"	""	""	""	"count"	"int"	"payload=max_with_event=3"	""	"默认2个可达信标"
"1.0"	"pacing"	"target"	"completed_shop_nodes"	"商店整理次数"	"2"	""	""	""	"count"	"int"	"payload=min=2;max=3"	""	"不作为结算节点时只计时间"
"1.0"	"pacing"	"target"	"explore_room_minutes"	"探索房P50时长"	"4"	""	""	""	"minutes"	"float"	"payload=min=3;max=5"	""	"按75%搜刮"
"1.0"	"pacing"	"target"	"explore_room_hu_minutes"	"胡局探索房P50时长"	"2.2"	""	""	""	"minutes"	"float"	"payload=min=1.5;max=3"	""	"不要求继续保持4分钟"
"1.0"	"pacing"	"target"	"event_choice_seconds"	"事件选择P50时长"	"32"	""	""	""	"seconds"	"int"	"payload=min=20;max=45"	""	"含阅读和确认"
"1.0"	"pacing"	"target"	"reward_choice_seconds"	"奖励选择P50时长"	"30"	""	""	""	"seconds"	"int"	"payload=min=20;max=40"	""	"三选一"
"1.0"	"pacing"	"target"	"beacon_choice_seconds"	"信标选择P50时长"	"30"	""	""	""	"seconds"	"int"	"payload=min=20;max=45"	""	"三选一"
"1.0"	"pacing"	"target"	"shop_seconds"	"单次商店整理P50"	"60"	""	""	""	"seconds"	"int"	"payload=min=30;max=90"	""	"含装配调整"
"1.0"	"pacing"	"target"	"route_overhead_minutes"	"航图移动和过场预算"	"2"	""	""	""	"minutes"	"float"	""	""	"P50总时长余量"
"1.0"	"pacing"	"derived"	"run_p50_calculated"	"计算完整局时P50"	"48.4"	""	""	""	"minutes"	"float"	""	"8.5*4+6*32/60+2*0.5+2*0.5+2*1+82/60+106/60+126/60+2"	"与48分钟目标一致"
"1.0"	"player"	"base"	"player_max_hp"	"玩家最大生命"	"100"	""	""	""	"hp"	"int"	""	""	"不做局外纵向增长"
"1.0"	"player"	"base"	"player_move_speed"	"玩家移动速度"	"300"	""	""	""	"pixel_per_second"	"float"	""	""	"当前手感锚点"
"1.0"	"player"	"base"	"base_attack"	"脉冲机炮单发伤害"	"10"	""	""	""	"damage"	"int"	""	""	"白板基准"
"1.0"	"player"	"base"	"base_fire_interval"	"脉冲机炮射击间隔"	"0.25"	""	""	""	"seconds"	"float"	""	""	"每秒4发"
"1.0"	"player"	"derived"	"base_single_target_dps"	"白板理论单体DPS"	"40"	""	""	""	"dps"	"float"	""	"base_attack/base_fire_interval"	"靶场实测需接近该值"
"1.0"	"player"	"damage"	"dot_damage"	"轻微擦伤或DoT"	"2"	""	""	""	"damage_per_second"	"int"	"payload=min=1;max=3"	""	"不能单独快速致死"
"1.0"	"player"	"damage"	"normal_hit_damage"	"普通攻击伤害"	"5"	""	""	""	"damage"	"int"	""	""	"满血承受20次"
"1.0"	"player"	"damage"	"danger_hit_damage"	"危险普通攻击伤害"	"10"	""	""	""	"damage"	"int"	"payload=min=8;max=12"	""	"用于高威胁普通怪"
"1.0"	"player"	"damage"	"heavy_hit_damage"	"重击伤害"	"36"	""	""	""	"damage"	"int"	"payload=min=34;max=40"	""	"三次致死且必须预警"
"1.0"	"player"	"derived"	"normal_hits_to_die"	"满血普通攻击承受次数"	"20"	""	""	""	"hit_count"	"float"	""	"100/5"	"第20次归零"
"1.0"	"player"	"derived"	"danger_hits_to_die"	"满血危险攻击承受次数"	"10"	""	""	""	"hit_count"	"float"	""	"100/10"	"不应作为常态弹幕"
"1.0"	"player"	"derived"	"heavy_hits_to_die"	"满血重击承受次数"	"2.78"	""	""	""	"hit_count"	"float"	""	"100/36"	"第三次重击致死"
"1.0"	"player"	"damage"	"normal_iframe"	"普通受击无敌帧"	"1"	""	""	""	"seconds"	"float"	""	""	"阻止同源多段秒杀"
"1.0"	"player"	"damage"	"heavy_iframe"	"重击受击无敌帧"	"0.8"	""	""	""	"seconds"	"float"	"payload=min=0.7;max=1.0"	""	"重击仍只能结算一次"
"1.0"	"player"	"recovery"	"visible_healing_budget"	"阶段新增可见治疗"	""	"32"	"45"	"58"	"hp"	"int"	"payload=ranges=25-40|35-55|45-70"	""	"取区间中位用于模拟"
"1.0"	"player"	"target"	"boss_entry_hp_p50"	"Boss入场生命P50"	"80"	""	""	""	"hp"	"int"	"payload=min=70;max=90"	""	"含正常探索损耗"
"1.0"	"combat"	"dps"	"normal_build_dps"	"正常构筑有效DPS"	""	"78"	"160"	"340"	"dps"	"int"	"payload=ranges=70-85|145-175|300-380"	""	"Boss和敌人HP反推基准"
"1.0"	"combat"	"dps"	"formed_build_dps"	"成型构筑有效DPS"	""	"140"	"320"	"640"	"dps"	"int"	"payload=multipliers=3.5|8|16"	""	"用于单家族成型测试"
"1.0"	"combat"	"dps"	"highroll_build_dps"	"胡局有效DPS"	""	"195"	"525"	"1200"	"dps"	"int"	"payload=ranges=170-220|450-600|1000-1400"	""	"允许破坏普通战斗节奏"
"1.0"	"combat"	"dps"	"normal_build_multiplier"	"正常构筑综合倍率"	""	"1.95"	"4"	"8.5"	"multiplier"	"float"	""	"normal_build_dps/40"	"综合效率而非面板攻击"
"1.0"	"combat"	"dps"	"formed_build_multiplier"	"成型构筑综合倍率"	""	"3.5"	"8"	"16"	"multiplier"	"float"	""	""	""
"1.0"	"combat"	"dps"	"highroll_build_multiplier"	"胡局综合倍率"	""	"4.875"	"13.125"	"30"	"multiplier"	"float"	""	"highroll_build_dps/40"	"终局落在25至35倍中部"
"1.0"	"combat"	"cap"	"pure_stat_efficiency_cap"	"纯攻击射速弹量总效率上限"	"2"	""	""	""	"multiplier"	"float"	""	""	"其余倍率必须来自机制"
"1.0"	"enemy"	"config"	"enemy_base_hp"	"普通怪基础HP"	"240"	""	""	""	"hp"	"int"	""	""	"由3秒标准怪TTK反推"
"1.0"	"enemy"	"config"	"enemy_stage_multiplier"	"普通怪阶段倍率"	""	"1"	"2.1"	"4.3"	"multiplier"	"float"	""	""	"近似跟随正常构筑DPS增长"
"1.0"	"enemy"	"archetype"	"enemy_fragile_hp"	"脆弱普通怪HP"	""	"192"	"403"	"826"	"hp"	"int"	"family=general;rule_key=enemy_hp;payload=behavior_mult=0.8"	"round(240*stage_mult*0.8)"	"TTK约2.5秒"
"1.0"	"enemy"	"archetype"	"enemy_standard_hp"	"标准普通怪HP"	""	"240"	"504"	"1032"	"hp"	"int"	"family=general;rule_key=enemy_hp;payload=behavior_mult=1.0"	"round(240*stage_mult)"	"TTK约3.1秒"
"1.0"	"enemy"	"archetype"	"enemy_durable_hp"	"耐久普通怪HP"	""	"324"	"680"	"1393"	"hp"	"int"	"family=general;rule_key=enemy_hp;payload=behavior_mult=1.35"	"round(240*stage_mult*1.35)"	"TTK约4.2秒"
"1.0"	"enemy"	"archetype"	"enemy_danger_core_hp"	"危险核心HP"	""	"408"	"857"	"1754"	"hp"	"int"	"family=general;rule_key=enemy_hp;payload=behavior_mult=1.7"	"round(240*stage_mult*1.7)"	"TTK约5.3秒"
"1.0"	"enemy"	"derived"	"enemy_fragile_ttk"	"脆弱普通怪TTK"	""	"2.46"	"2.52"	"2.43"	"seconds"	"float"	""	"enemy_fragile_hp/normal_build_dps"	"落入2至5秒"
"1.0"	"enemy"	"derived"	"enemy_standard_ttk"	"标准普通怪TTK"	""	"3.08"	"3.15"	"3.04"	"seconds"	"float"	""	"enemy_standard_hp/normal_build_dps"	"落入2至5秒"
"1.0"	"enemy"	"derived"	"enemy_durable_ttk"	"耐久普通怪TTK"	""	"4.15"	"4.25"	"4.10"	"seconds"	"float"	""	"enemy_durable_hp/normal_build_dps"	"落入2至5秒"
"1.0"	"enemy"	"derived"	"enemy_danger_core_ttk"	"危险核心TTK"	""	"5.23"	"5.36"	"5.16"	"seconds"	"float"	""	"enemy_danger_core_hp/normal_build_dps"	"危险怪落入5至8秒下沿"
"1.0"	"elite"	"budget"	"elite_ehp"	"精英有效生命"	""	"4800"	"9600"	"20400"	"ehp"	"int"	""	"round(normal_build_dps*60)"	"含护盾闪现和不可攻击时间"
"1.0"	"elite"	"target"	"elite_ttk"	"精英目标TTK"	""	"61.5"	"60"	"60"	"seconds"	"float"	""	"elite_ehp/normal_build_dps"	"目标约1分钟"
"1.0"	"elite"	"target"	"elite_room_probability"	"战斗房精英概率"	"0.25"	""	""	""	"ratio"	"float"	"payload=min=0.2;max=0.3"	""	"一局完整精英战2至4场"
"1.0"	"boss"	"budget"	"boss_base_ehp"	"Boss基准EHP"	""	"5600"	"14500"	"36000"	"ehp"	"int"	""	""	"总机制EHP预算"
"1.0"	"boss"	"budget"	"boss_forced_downtime"	"Boss强制不可攻击预算"	""	"10"	"15"	"20"	"seconds"	"int"	""	""	"超出部分必须从EHP扣除"
"1.0"	"boss"	"target"	"boss_normal_ttk"	"Boss正常构筑总TTK"	""	"82"	"106"	"126"	"seconds"	"int"	""	"boss_base_ehp/normal_build_dps+downtime"	"分别位于三阶段目标中段"
"1.0"	"boss"	"target"	"boss_highroll_ttk"	"Boss胡局总TTK"	""	"39"	"43"	"50"	"seconds"	"int"	""	"boss_base_ehp/highroll_build_dps+downtime"	"极端联动允许更快"
"1.0"	"boss"	"family"	"boss_colossus_ehp"	"星间巨构Boss总EHP"	""	"6160"	"15950"	"39600"	"ehp"	"int"	"family=colossus;cap=1.1;rule_key=boss_ehp;payload=family_mult=1.10"	"boss_base_ehp*1.10"	"较慢且厚重"
"1.0"	"boss"	"family"	"boss_paradise_ehp"	"天堂号Boss总EHP"	""	"5320"	"13775"	"34200"	"ehp"	"int"	"family=paradise;cap=0.95;rule_key=boss_ehp;payload=family_mult=0.95"	"boss_base_ehp*0.95"	"弹幕空间压力换取较低EHP"
"1.0"	"boss"	"family"	"boss_warped_ehp"	"扭曲星核Boss总EHP"	""	"5880"	"15225"	"37800"	"ehp"	"int"	"family=warped;cap=1.05;rule_key=boss_ehp;payload=family_mult=1.05"	"boss_base_ehp*1.05"	"护盾和牵引计入总EHP"
"1.0"	"boss"	"family"	"boss_hell_eye_ehp"	"地狱之眼Boss总EHP"	""	"5600"	"14500"	"36000"	"ehp"	"int"	"family=hell_eye;cap=1.0;rule_key=boss_ehp;payload=family_mult=1.00"	"boss_base_ehp"	"依靠节奏干扰"
"1.0"	"boss"	"family"	"boss_divine_ehp"	"神明使者Boss总EHP"	""	"5040"	"13050"	"32400"	"ehp"	"int"	"family=divine;cap=0.9;rule_key=boss_ehp;payload=family_mult=0.90"	"boss_base_ehp*0.90"	"闪现和召唤已计入预算"
"1.0"	"dash"	"config"	"dash_charges"	"冲刺充能数"	"2"	""	""	""	"count"	"int"	""	""	"默认用于躲避"
"1.0"	"dash"	"config"	"dash_charge_seconds"	"单次充能恢复"	"1.8"	""	""	""	"seconds"	"float"	""	""	"两次完整恢复3.6秒"
"1.0"	"dash"	"config"	"dash_distance"	"冲刺距离"	"420"	""	""	""	"pixel"	"float"	""	""	""
"1.0"	"dash"	"config"	"dash_speed"	"冲刺速度"	"2400"	""	""	""	"pixel_per_second"	"float"	""	""	""
"1.0"	"dash"	"derived"	"dash_duration"	"冲刺持续时间"	"0.175"	""	""	""	"seconds"	"float"	""	"dash_distance/dash_speed"	"实际实现可取0.18"
"1.0"	"dash"	"config"	"dash_invulnerable_tail"	"冲刺额外无敌尾帧"	"0.05"	""	""	""	"seconds"	"float"	""	""	"不得更长"
"1.0"	"dash"	"config"	"dash_base_damage_mult"	"基础冲刺撞击倍率"	"0.75"	""	""	""	"attack_multiplier"	"float"	"payload=min=0.5;max=1.0"	""	"无巨构时不能成为主输出"
"1.0"	"dash"	"config"	"dash_enemy_hit_radius"	"普通敌人命中半径"	"52"	""	""	""	"pixel"	"float"	""	""	"当前手感锚点"
"1.0"	"dash"	"config"	"dash_boss_hit_radius"	"Boss命中半径"	"120"	""	""	""	"pixel"	"float"	""	""	"补偿Boss体型"
"1.0"	"dash"	"target"	"dash_default_dps_share"	"默认冲刺伤害占比上限"	"0.1"	""	""	""	"ratio"	"float"	""	""	"普通构筑总伤害不超过10%"
"1.0"	"frenzy"	"config"	"frenzy_max_heat"	"热量上限"	"100"	""	""	""	"heat"	"float"	""	""	""
"1.0"	"frenzy"	"config"	"frenzy_duration"	"狂热持续时间"	"5"	""	""	""	"seconds"	"float"	""	""	"保持短爆发窗口"
"1.0"	"frenzy"	"target"	"frenzy_standard_charge_seconds"	"标准构筑充能时间"	"10"	""	""	""	"seconds"	"float"	""	""	"与5秒爆发形成1比2节拍"
"1.0"	"frenzy"	"derived"	"frenzy_standard_uptime"	"标准狂热覆盖率"	"0.333"	""	""	""	"ratio"	"float"	""	"5/(10+5)"	"目标范围25%至40%"
"1.0"	"frenzy"	"target"	"frenzy_hell_eye_uptime"	"地狱之眼成型覆盖率"	"0.58"	""	""	""	"ratio"	"float"	"payload=min=0.5;max=0.7"	""	"有效获取约20至24热量每秒"
"1.0"	"frenzy"	"config"	"frenzy_primary_hit_heat"	"主体直接命中热量"	"2.5"	""	""	""	"heat"	"float"	""	""	""
"1.0"	"frenzy"	"config"	"frenzy_secondary_hit_heat"	"次级命中基础热量"	"1"	""	""	""	"heat"	"float"	""	"1*proc_coefficient"	"按触发系数衰减"
"1.0"	"frenzy"	"config"	"frenzy_normal_kill_heat"	"普通击杀热量"	"3"	""	""	""	"heat"	"float"	""	""	""
"1.0"	"frenzy"	"config"	"frenzy_elite_kill_heat"	"精英击杀热量"	"12"	""	""	""	"heat"	"float"	""	""	""
"1.0"	"frenzy"	"config"	"frenzy_damage_heat_cap"	"单次受伤热量上限"	"8"	""	""	""	"heat"	"float"	""	"min(damage*0.5|8)"	"防止重击直接充满"
"1.0"	"frenzy"	"config"	"frenzy_standard_gain_cap"	"非地狱热量每秒上限"	"12"	""	""	""	"heat_per_second"	"float"	""	""	""
"1.0"	"frenzy"	"config"	"frenzy_hell_eye_gain_cap"	"地狱成型热量每秒上限"	"24"	""	""	""	"heat_per_second"	"float"	"payload=early=18;formed=24"	""	"足以支持约55%覆盖"
"1.0"	"frenzy"	"config"	"frenzy_fire_interval_mult"	"狂热射击间隔倍率"	"0.625"	""	""	""	"multiplier"	"float"	"payload=min=0.60;max=0.65"	""	"取区间中位"
"1.0"	"frenzy"	"config"	"frenzy_damage_taken_mult"	"狂热承伤倍率"	"0.6"	""	""	""	"multiplier"	"float"	""	""	""
"1.0"	"frenzy"	"config"	"frenzy_base_damage_mult"	"狂热基础伤害倍率"	"1"	""	""	""	"multiplier"	"float"	""	""	"独立伤害乘区留给装备"
"1.0"	"mechanic"	"cap"	"max_trigger_generation"	"最大触发世代"	"3"	""	""	""	"generation"	"int"	""	""	"世代0至3"
"1.0"	"mechanic"	"config"	"generation_proc_coefficients"	"世代触发系数"	""	""	""	""	"ratio"	"array"	"payload=0=1.0;1=0.65;2=0.35;3=0.15"	""	"同谱系逐代衰减"
"1.0"	"mechanic"	"cap"	"projectile_soft_cap"	"玩家弹体软预算"	"180"	""	""	""	"projectile_per_second"	"int"	""	""	"超过后合并纯视觉弹体"
"1.0"	"mechanic"	"cap"	"projectile_hard_cap"	"玩家弹体硬上限"	"260"	""	""	""	"projectile_per_second"	"int"	""	""	"不能静默删除主体攻击"
"1.0"	"mechanic"	"config"	"default_copy_proc"	"复制命中默认触发系数"	"0.35"	""	""	""	"ratio"	"float"	""	""	"僚机和信标复制的默认值"
"1.0"	"mechanic"	"config"	"cross_family_inherit_min"	"跨家族继承下限"	"0.35"	""	""	""	"ratio"	"float"	""	""	""
"1.0"	"mechanic"	"config"	"cross_family_inherit_max"	"跨家族继承上限"	"0.65"	""	""	""	"ratio"	"float"	""	""	""
"1.0"	"exploration"	"config"	"salvage_normal_value"	"普通矿脉回收价值"	"1"	""	""	""	"salvage_point"	"int"	""	""	""
"1.0"	"exploration"	"config"	"salvage_chest_value"	"宝箱回收价值"	"3"	""	""	""	"salvage_point"	"int"	""	""	""
"1.0"	"exploration"	"config"	"salvage_elite_cache_value"	"精英缓存回收价值"	"5"	""	""	""	"salvage_point"	"int"	""	""	""
"1.0"	"exploration"	"config"	"salvage_special_value"	"特殊目标回收价值"	"5"	""	""	""	"salvage_point"	"int"	"payload=min=3;max=8"	""	"由房间档案指定"
"1.0"	"exploration"	"config"	"salvage_reveal_ratio"	"显露撤离和高价值目标"	"0.5"	""	""	""	"ratio"	"float"	""	""	""
"1.0"	"exploration"	"config"	"salvage_evac_ratio"	"激活撤离点"	"0.65"	""	""	""	"ratio"	"float"	""	""	""
"1.0"	"exploration"	"target"	"salvage_p50_ratio"	"实际搜刮P50"	"0.75"	""	""	""	"ratio"	"float"	"payload=min=0.70;max=0.80"	""	"主经济计算使用75%"
"1.0"	"exploration"	"config"	"frontload_reward_share"	"前70%内容收益占比"	"0.825"	""	""	""	"ratio"	"float"	"payload=min=0.80;max=0.85"	""	"减少强制清图"
"1.0"	"exploration"	"config"	"tail_reward_share"	"后30%内容收益占比"	"0.175"	""	""	""	"ratio"	"float"	"payload=min=0.15;max=0.20"	""	"提供额外求胡机会"
"1.0"	"exploration"	"config"	"patrol_spawn_interval"	"巡逻基础生成间隔"	""	"35"	"30"	"25"	"seconds"	"float"	""	""	"战斗档案最多浮动25%"
"1.0"	"exploration"	"config"	"patrol_enemy_cap"	"常态同时敌人数上限"	""	"8"	"10"	"12"	"count"	"int"	""	""	""
"1.0"	"economy"	"base"	"starting_minerals"	"开局矿物"	"0"	""	""	""	"minerals"	"int"	""	""	"不做默认购买礼包"
"1.0"	"economy"	"base"	"starting_compute"	"开局算力"	"5"	""	""	""	"compute"	"int"	""	""	"每结算节点加1"
"1.0"	"economy"	"progression"	"compute_before_boss"	"Boss前可用算力"	""	"10"	"17"	"26"	"compute"	"int"	""	"5+cumulative_completed_nodes"	"支撑3/5/8平均3算力装备"
"1.0"	"economy"	"target"	"equipped_aux_before_boss"	"Boss前累计装配"	""	"3"	"5"	"8"	"equipment_count"	"int"	""	""	"用户确认的累计目标"
"1.0"	"economy"	"target"	"owned_aux_before_boss"	"Boss前累计拥有"	""	"5"	"9"	"16"	"equipment_count"	"int"	"payload=ranges=4-6|8-11|14-18"	""	"用于草案和保底模拟"
"1.0"	"economy"	"target"	"used_compute_before_boss"	"Boss前已用算力"	""	"9"	"16"	"25"	"compute"	"int"	"payload=ranges=8-10|15-17|23-26"	""	"保留少量换装余地"
"1.0"	"economy"	"target"	"explore_income_p50"	"75%搜刮单房收入"	""	"65"	"100"	"148"	"minerals"	"int"	"payload=ranges=55-75|85-115|125-170"	""	"取区间中位"
"1.0"	"economy"	"target"	"cumulative_income_before_boss"	"累计毛收入P50"	""	"210"	"575"	"1250"	"minerals"	"int"	"payload=ranges=180-240|500-650|1100-1400"	""	"包含事件和奖励"
"1.0"	"economy"	"target"	"safe_event_value_p50"	"安全事件等价价值P50"	""	"38"	"55"	"78"	"minerals_equivalent"	"int"	"payload=ranges=30-45|45-65|65-90"	""	"用于事件抽取模拟"
"1.0"	"economy"	"target"	"risk_event_success_value_p50"	"风险事件成功等价价值P50"	""	"55"	"82"	"118"	"minerals_equivalent"	"int"	"payload=ranges=45-65|70-95|100-135"	""	"约为安全事件的1.25至1.45倍"
"1.0"	"economy"	"target"	"reward_node_value_p50"	"奖励节点等价价值P50"	""	"68"	"102"	"150"	"minerals_equivalent"	"int"	"payload=ranges=55-80|85-120|125-175"	""	"奖励节点不含隐性惩罚"
"1.0"	"economy"	"price"	"common_equipment_price"	"普通装备价格"	"70"	""	""	""	"minerals"	"int"	"payload=min=50;max=90"	""	"规则简单且可独立启动"
"1.0"	"economy"	"price"	"rare_equipment_price"	"稀有装备价格"	"128"	""	""	""	"minerals"	"int"	"payload=min=100;max=155"	""	"提供放大或桥接"
"1.0"	"economy"	"price"	"epic_equipment_price"	"史诗装备价格"	"195"	""	""	""	"minerals"	"int"	"payload=min=170;max=220"	""	"规则复杂但不纯堆倍率"
"1.0"	"economy"	"price"	"boss_equipment_price"	"Boss装备价格"	"0"	""	""	""	"minerals"	"int"	"payload=purchasable=false"	""	"只能Boss奖励获得"
"1.0"	"economy"	"config"	"shop_offer_count"	"商店总槽位"	"12"	""	""	""	"count"	"int"	""	""	""
"1.0"	"economy"	"config"	"shop_general_slots"	"商店通用候选"	"5"	""	""	""	"count"	"int"	""	""	""
"1.0"	"economy"	"config"	"shop_family_slots"	"商店主家族候选"	"3"	""	""	""	"count"	"int"	""	""	""
"1.0"	"economy"	"config"	"shop_build_slots"	"商店构筑补齐候选"	"2"	""	""	""	"count"	"int"	"payload=roles=amplifier|bridge"	""	"根据已有启动器生成"
"1.0"	"economy"	"config"	"shop_survival_slots"	"商店生存经济候选"	"1"	""	""	""	"count"	"int"	""	""	""
"1.0"	"economy"	"config"	"shop_wildcard_slots"	"商店通配候选"	"1"	""	""	""	"count"	"int"	"payload=epic_guarantee_crisis=12"	""	""
"1.0"	"economy"	"config"	"reroll_base"	"付费重抽基础项"	"18"	""	""	""	"minerals"	"int"	""	""	""
"1.0"	"economy"	"config"	"reroll_stage_step"	"付费重抽阶段增量"	"10"	""	""	""	"minerals"	"int"	""	""	"阶段从1开始"
"1.0"	"economy"	"config"	"reroll_repeat_step"	"本局已付费重抽增量"	"14"	""	""	""	"minerals"	"int"	""	""	"次数从0开始"
"1.0"	"economy"	"derived"	"first_reroll_cost"	"各阶段首次重抽"	""	"28"	"38"	"48"	"minerals"	"int"	""	"18+stage*10+0*14"	""
"1.0"	"economy"	"derived"	"second_reroll_cost"	"各阶段第二次重抽"	""	"42"	"52"	"62"	"minerals"	"int"	""	"18+stage*10+1*14"	""
"1.0"	"economy"	"config"	"equipment_drop_chance"	"基础装备检出率"	""	"0.28"	"0.36"	"0.48"	"ratio"	"float"	""	""	"按节点阶段"
"1.0"	"economy"	"cap"	"equipment_drop_chance_cap"	"装备检出率硬上限"	"0.85"	""	""	""	"ratio"	"float"	""	""	"保留非装备结果"
"1.0"	"economy"	"pity"	"equipment_dry_nodes"	"装备保底连续空窗"	"3"	""	""	""	"completed_node"	"int"	""	""	"下一奖励锁定装备草案"
"1.0"	"economy"	"pity"	"starter_dry_drafts"	"启动器保底空窗"	"4"	""	""	""	"draft"	"int"	""	""	"下一构筑卡必含启动器"
"1.0"	"economy"	"pity"	"amplifier_dry_drafts"	"匹配放大器保底空窗"	"4"	""	""	""	"draft"	"int"	""	""	"已有启动器时计数"
"1.0"	"equipment"	"budget"	"common_aux_budget"	"普通辅助机预算"	"1"	""	""	""	"tier"	"record"	"family=general;payload=price=50-90;compute=2-3;solo_efficiency=1.12-1.20"	""	"单一清晰规则"
"1.0"	"equipment"	"budget"	"rare_aux_budget"	"稀有辅助机预算"	"2"	""	""	""	"tier"	"record"	"family=general;payload=price=100-155;compute=3-5;loop_efficiency=1.25-1.45"	""	"强化循环或桥接"
"1.0"	"equipment"	"budget"	"epic_aux_budget"	"史诗辅助机预算"	"3"	""	""	""	"tier"	"record"	"family=general;payload=price=170-220;compute=5-7;loop_efficiency=1.45-1.80"	""	"规则复杂且有条件"
"1.0"	"equipment"	"budget"	"boss_aux_budget"	"Boss辅助机预算"	"4"	""	""	""	"tier"	"record"	"family=general;payload=price=0;compute=4-6;rule_change=1"	""	"不得只是史诗数值放大"
"1.0"	"equipment"	"role"	"starter_role"	"启动器数值职责"	""	""	""	""	"record"	"record"	"family=general;role=starter;payload=independent_efficiency=1.10-1.20;min_per_family=2"	""	"单件即可产生新行为"
"1.0"	"equipment"	"role"	"amplifier_role"	"放大器数值职责"	""	""	""	""	"record"	"record"	"family=general;role=amplifier;payload=inactive_efficiency=1.00-1.08;active_efficiency=1.25-1.45;min_per_family=2"	""	"必须识别匹配启动器"
"1.0"	"equipment"	"role"	"bridge_role"	"桥接器数值职责"	""	""	""	""	"record"	"record"	"family=general;role=bridge;payload=inherit=0.35-0.65;min_per_family=2"	""	"默认触发系数0.5"
"1.0"	"equipment"	"role"	"stabilizer_role"	"稳定器数值职责"	""	""	""	""	"record"	"record"	"family=general;role=stabilizer;payload=survival_or_economy=1;damage_budget_max=0.10"	""	"补齐容错而非主伤害"
"1.0"	"reward"	"pool"	"stable_supply"	"稳定补给"	""	""	""	""	"record"	"record"	"family=general;role=stabilizer;weight=1;risk=0;payload=minerals=45/70/105;repair=26/34/42;mixed_share=0.5"	""	"三选一最多一张纯矿物"
"1.0"	"reward"	"pool"	"equipment_draft"	"装备三选一"	""	""	""	""	"record"	"record"	"family=general;weight=1;risk=0;payload=candidates=3;family_match_min=1;missing_role_min=1;duplicates=0"	""	"常规求胡入口"
"1.0"	"reward"	"pool"	"mechanic_starter"	"机制启动器"	""	""	""	""	"record"	"record"	"family=general;role=starter;weight=0.8;risk=0;payload=candidates=3;rarity=common|rare;affordable_compute=1"	""	"第一Boss前构筑修复"
"1.0"	"reward"	"pool"	"mechanic_amplifier"	"机制放大器"	""	""	""	""	"record"	"record"	"family=general;role=amplifier;weight=0.75;risk=0;payload=matching_amplifiers=2;general_stabilizer=1"	""	"根据已有启动器生成"
"1.0"	"reward"	"pool"	"cross_family_bridge"	"跨家族桥接"	""	""	""	""	"record"	"record"	"family=general;role=bridge;weight=0.45;risk=1;payload=matching_bridges=2;general_bridge=1;stage_min=2"	""	"第一阶段默认不出现"
"1.0"	"reward"	"pool"	"repair_compute"	"修复与算力"	""	""	""	""	"record"	"record"	"family=general;role=stabilizer;weight=0.8;risk=0;payload=repair=32/42/52;compute_free=1;compute_paid=2;paid_cost=24/36/52;paid_cap_per_stage=1"	""	"处理容量瓶颈"
"1.0"	"reward"	"pool"	"high_risk_ore"	"高风险富矿"	""	""	""	""	"record"	"record"	"family=general;role=economy;weight=0.55;risk=2;payload=risky_minerals=75/120/180;next_battle_elite=1;safe_minerals=55/85/125"	""	"风险完整预告"
"1.0"	"reward"	"pool"	"family_archive"	"家族档案"	""	""	""	""	"record"	"record"	"family=general;weight=0.8;risk=0;payload=candidates=3;roles_unique=1;route_family=1"	""	"强化航路身份"
"1.0"	"reward"	"boss"	"boss_reward_four_choice"	"Boss后四选一"	""	""	""	""	"record"	"record"	"family=general;weight=1;risk=0;payload=boss_item=1;synergy_item=1;bridge_item=1;maintenance=1;maintenance_compute=2;maintenance_heal=25/35/45"	""	"第一Boss无双家族时桥接改启动器"
"1.0"	"event"	"definition"	"old_supply_chain"	"旧时代补给链"	""	""	""	""	"record"	"record"	"family=general;weight=1.2;risk=0;payload=a.minerals=32/48/70;b.heal=18/24/30"	""	"安全收益"
"1.0"	"event"	"definition"	"ark_medical_relay"	"方舟医疗中继"	""	""	""	""	"record"	"record"	"family=general;role=stabilizer;weight=1.05;risk=0;payload=a.heal=28/36/44;a.overflow_to_mineral=0.5;b.emergency_heal=16;b.trigger_hp=30;b.uses=1"	""	"安全收益"
"1.0"	"event"	"definition"	"lost_cartographer"	"失联测绘员"	""	""	""	""	"record"	"record"	"family=general;role=information;weight=0.85;risk=0;payload=a.reveal_layers=2;a.reroll_unvisited=1;b.minerals=22/34/50"	""	"安全收益"
"1.0"	"event"	"definition"	"sealed_weapon_cache"	"密封武备缓存"	""	""	""	""	"record"	"record"	"family=general;role=starter;weight=0.8;risk=1;payload=a.hp_loss=8/10/12;a.draft=3;b.minerals=28/42/62;disable_a_if_lethal=1"	""	"风险交易"
"1.0"	"event"	"definition"	"overdrawn_core"	"透支核心"	""	""	""	""	"record"	"record"	"family=general;weight=0.55;risk=2;payload=a.compute=2;a.hp_loss=12;a.crisis=1;b.compute=1;b.mineral_cost=35/50/70;unique=1"	""	"风险交易"
"1.0"	"event"	"definition"	"volatile_incubator"	"不稳热巢"	""	""	""	""	"record"	"record"	"family=hell_eye;role=starter;weight=0.65;risk=1;duration_nodes=2;payload=a.start_heat=60;a.combat_rooms=2;a.extra_elite_cache=1;b.minerals=24/36/52;b.heat=20"	""	"风险交易"
"1.0"	"event"	"definition"	"salvage_contract"	"回收承包合约"	""	""	""	""	"record"	"record"	"family=general;role=economy;weight=0.75;risk=2;duration_nodes=2;payload=a.explore_income_mult=1.30;a.crisis_per_settlement=1;b.minerals=18/28/42"	""	"延迟契约"
"1.0"	"event"	"definition"	"marked_bounty"	"标记悬赏"	""	""	""	""	"record"	"record"	"family=general;role=amplifier;weight=0.65;risk=1;duration_nodes=2;payload=a.target_elite=1;a.reward_matching_draft=3;a.expire_penalty=0;b.minerals=20/30/44"	""	"延迟契约"
"1.0"	"event"	"definition"	"procurement_future"	"采购远期单"	""	""	""	""	"record"	"record"	"family=general;role=economy;weight=0.6;risk=1;duration_nodes=3;payload=a.prepay=30/45/65;a.next_shop_first_price_mult=0.5;a.terminal_if_no_shop=1;b.minerals=18/28/40"	""	"延迟契约"
"1.0"	"event"	"definition"	"scrap_exchange"	"残件置换台"	""	""	""	""	"record"	"record"	"family=general;role=converter;weight=0.6;risk=1;payload=a.destroy_nonboss=1;a.same_rarity_draft=3;a.same_family_min=1;b.refund_price_mult=0.6"	""	"构筑转化"
"1.0"	"event"	"definition"	"role_inverter"	"职能逆变器"	""	""	""	""	"record"	"record"	"family=general;role=converter;weight=0.5;risk=1;payload=a.swap_role=starter|amplifier;a.same_family=1;a.inventory_delta=0;require_legal_target=1;b.minerals=22/34/50"	""	"构筑转化"
"1.0"	"event"	"definition"	"bridge_forge"	"桥接锻炉"	""	""	""	""	"record"	"record"	"family=general;role=bridge;weight=0.45;risk=1;payload=a.consume_common=1;a.bridge_draft=3;b.next_bridge_pity=1"	""	"构筑转化"
"1.0"	"event"	"definition"	"colossus_impact_route"	"巨构撞角航线"	""	""	""	""	"record"	"record"	"family=colossus;role=starter;weight=0.55;risk=1;duration_nodes=3;rule_key=dash_refund;payload=a.hp_loss=7;a.charge_refund=0.5;a.mass_mark_aftershock=1;b.minerals=22/34/50;a.shop_focus=colossus"	""	"家族路线"
"1.0"	"event"	"definition"	"paradise_barrage_route"	"天堂齐射排程"	""	""	""	""	"record"	"record"	"family=paradise;role=starter;weight=0.55;risk=1;duration_nodes=3;rule_key=periodic_volley;payload=a.mineral_cost=18/26/38;a.volley_every_shots=6;a.proc=0.35;b.minerals=24/36/52;a.shop_focus=paradise"	""	"家族路线"
"1.0"	"event"	"definition"	"warped_tide_route"	"星核潮汐窗口"	""	""	""	""	"record"	"record"	"family=warped;role=starter;weight=0.55;risk=1;duration_nodes=3;rule_key=death_gravity_well;payload=a.crisis=1;a.gravity_well_on_first_pulled_death=1;b.heal=20/28/36;a.shop_focus=warped"	""	"家族路线"
"1.0"	"event"	"definition"	"hell_eye_redline_route"	"赤线热病签"	""	""	""	""	"record"	"record"	"family=hell_eye;role=starter;weight=0.55;risk=2;duration_nodes=3;rule_key=frenzy_heat_carry;payload=a.hp_loss=6;a.crisis=1;a.heat_carry=25;a.first_heavy_keeps_chain=1;b.minerals=20/32/46;a.shop_focus=hell_eye"	""	"家族路线"
"1.0"	"event"	"definition"	"divine_seraph_route"	"圣羽护航令"	""	""	""	""	"record"	"record"	"family=divine;role=starter;weight=0.55;risk=1;duration_nodes=3;rule_key=drone_copy_shot;payload=a.mineral_cost=16/24/34;a.drone_hits_per_copy=12;a.proc=0.35;b.heal=22/30/38;a.shop_focus=divine"	""	"家族路线"
"1.0"	"event"	"definition"	"gravity_shrapnel_treaty"	"引力破片协定"	""	""	""	""	"record"	"record"	"family=paradise;role=bridge;weight=0.35;risk=1;duration_nodes=3;rule_key=split_inherit_homing;payload=a.homing_inherit=0.60;a.pull_inherit=0.35;a.pity_after_triggers=60;b.minerals=28/42/60;requires=paradise|warped"	""	"跨家族桥接"
"1.0"	"event"	"definition"	"seraph_furnace_treaty"	"圣羽热炉协定"	""	""	""	""	"record"	"record"	"family=divine;role=bridge;weight=0.35;risk=1;duration_nodes=3;rule_key=drone_heat;payload=a.heat_per_drone_hit=0.5;a.heat_per_second_cap=4;a.reset_oldest_drone_skill=1;b.heal=24/32/40;requires=divine|hell_eye"	""	"跨家族桥接"
"1.0"	"event"	"definition"	"rammed_magazine_treaty"	"撞角弹仓协定"	""	""	""	""	"record"	"record"	"family=colossus;role=bridge;weight=0.35;risk=1;duration_nodes=3;rule_key=dash_fan_shot;payload=a.fan_bullets=5;a.proc=0.35;a.cooldown=2;b.minerals=30/46/66;requires=colossus|paradise"	""	"跨家族桥接"
"1.0"	"event"	"definition"	"quiet_channel"	"静默航道"	""	""	""	""	"record"	"record"	"family=general;role=converter;weight=0.45;risk=1;payload=a.convert_battle_to_reward=1;a.next_battle_threat_add=1;b.minerals=24/36/54;exclude=boss|mandatory|visited"	""	"局势改变"
"1.0"	"event"	"definition"	"family_aftershock"	"家族余震"	""	""	""	""	"record"	"record"	"family=general;role=converter;weight=0.45;risk=1;duration_nodes=3;payload=a.choose_family=1;a.bias_nodes=3;a.guarantee_family_beacon=1;a.allow_mixed_enemy=1;b.minerals=26/40/58"	""	"局势改变"
"1.0"	"event"	"definition"	"quantum_crate"	"量子货箱"	""	""	""	""	"record"	"record"	"family=general;weight=0.55;risk=2;payload=a.crates=3;a.equipment_chance=0.55;a.mineral_chance=0.35;a.ambush_chance=0.10;a.minerals=60/90/130;a.ambush_win_equipment=1;a.fail_floor=24/36/52;b.minerals=24/36/52"	""	"资源赌博且显示概率"
"1.0"	"event"	"definition"	"ore_pledge"	"富矿押注"	""	""	""	""	"record"	"record"	"family=general;role=economy;weight=0.65;risk=1;payload=a.stake=25/40/60;a.next_explore_target=0.70;a.success_return_mult=2.4;a.fail_refund_mult=0.6;a.defer_until_explore=1;b.minerals=18/28/40"	""	"玩家可控赌博"
"1.0"	"beacon"	"system"	"beacon_base_count"	"基础可达信标数"	"2"	""	""	""	"count"	"int"	"family=general;payload=event_bonus_max=1;active_cap=3"	""	""
"1.0"	"beacon"	"system"	"beacon_choice_count"	"每个信标候选数"	"3"	""	""	""	"count"	"int"	"family=general;payload=family=1;general_or_bridge=1;economy_or_defense=1"	""	""
"1.0"	"beacon"	"system"	"beacon_echo_nodes"	"航路回响持续节点"	"3"	""	""	""	"completed_node"	"int"	"family=general;payload=family_weight_mult=2;guaranteed_related_content=1"	""	"不直接增伤"
"1.0"	"beacon"	"definition"	"vector_route_beacon"	"矢量航路信标"	""	""	""	""	"record"	"record"	"family=general;role=information;weight=1;risk=0;rule_key=route_reroll;payload=reroll_unvisited_per_stage=1;preview_before_after=1"	""	"通用"
"1.0"	"beacon"	"definition"	"echo_archive_beacon"	"回声档案信标"	""	""	""	""	"record"	"record"	"family=general;role=amplifier;weight=1;risk=0;rule_key=reward_family_echo;payload=first_pick_per_stage=1;next_draft_same_family=1;different_role=1"	""	"通用"
"1.0"	"beacon"	"definition"	"reverse_auction_beacon"	"逆向拍卖信标"	""	""	""	""	"record"	"record"	"family=general;role=economy;weight=0.8;risk=0;rule_key=shop_reverse_auction;payload=marked_slot_per_shop=1;discount_per_node=10;min_price_mult=0.5;once_per_stage=1"	""	"经济"
"1.0"	"beacon"	"definition"	"salvage_pawn_beacon"	"残件典当信标"	""	""	""	""	"record"	"record"	"family=general;role=economy;weight=0.8;risk=0;rule_key=shop_salvage;payload=scrap_per_shop=1;refund_price_mult=0.7;next_draft_same_role=1;exclude_boss=1"	""	"经济"
"1.0"	"beacon"	"definition"	"ark_bulkhead_beacon"	"方舟隔舱信标"	""	""	""	""	"record"	"record"	"family=general;role=stabilizer;weight=0.8;risk=0;rule_key=heavy_hit_cap;payload=first_heavy_per_room=1;damage_cap=25;invulnerable_seconds=0.8"	""	"防御"
"1.0"	"beacon"	"definition"	"phase_shelter_beacon"	"相位庇护信标"	""	""	""	""	"record"	"record"	"family=general;role=stabilizer;weight=0.8;risk=0;rule_key=dash_warning_shield;payload=perfect_dash_through_warning=1;temporary_shield=12;cooldown=8"	""	"防御"
"1.0"	"beacon"	"definition"	"colossus_mirror_ram"	"镜甲折返信标"	""	""	""	""	"record"	"record"	"family=colossus;role=starter;weight=1.2;risk=0;rule_key=dash_refund;payload=normal_hits=3;elite_or_boss_hits=1;refund_charges=1;cooldown=6"	""	"巨构"
"1.0"	"beacon"	"definition"	"colossus_seismic_spool"	"地震卷轴信标"	""	""	""	""	"record"	"record"	"family=colossus;role=starter;weight=1.2;risk=0;rule_key=dash_aftershock;payload=aftershock_on_dash_end=1;if_existing=second_delayed_aftershock;recursive=0"	""	"巨构"
"1.0"	"beacon"	"definition"	"colossus_inertia_escrow"	"惯性托管信标"	""	""	""	""	"record"	"record"	"family=colossus;role=stabilizer;weight=1.1;risk=0;rule_key=dash_damage_escrow;payload=delay_damage_during_dash=1;hit_cancel_share=0.5;cannot_reduce_below_one=1"	""	"巨构"
"1.0"	"beacon"	"definition"	"colossus_mass_exchange"	"质量交换信标"	""	""	""	""	"record"	"record"	"family=colossus;role=bridge;weight=1.1;risk=0;rule_key=mass_mark_shrapnel;payload=main_hit_marks=1;dash_consumes_mark=1;shrapnel_count=4;proc=0.35"	""	"巨构"
"1.0"	"beacon"	"definition"	"paradise_skyline_chain"	"天幕弹链信标"	""	""	""	""	"record"	"record"	"family=paradise;role=starter;weight=1.2;risk=0;rule_key=periodic_volley;payload=volley_every_shots=6;volley_bullets=5;duplicate_full_event=0"	""	"天堂"
"1.0"	"beacon"	"definition"	"paradise_shrapnel_charter"	"破片宪章信标"	""	""	""	""	"record"	"record"	"family=paradise;role=starter;weight=1.2;risk=0;rule_key=projectile_split_once;payload=split_on_first_hit=1;children=2;proc=0.35;children_can_split=0"	""	"天堂"
"1.0"	"beacon"	"definition"	"paradise_return_fire"	"回航火线信标"	""	""	""	""	"record"	"record"	"family=paradise;role=amplifier;weight=1.1;risk=0;rule_key=projectile_return;payload=return_if_missed=1;retarget_once=1;damage_mult=0.5;proc=0.5"	""	"天堂"
"1.0"	"beacon"	"definition"	"paradise_orbit_magazine"	"轨道弹仓信标"	""	""	""	""	"record"	"record"	"family=paradise;role=converter;weight=1.1;risk=0;rule_key=kill_store_orbit;payload=kills_per_orbit=8;storage_cap=4;release_on_dash=1;boss_uses_damage_threshold=1"	""	"天堂"
"1.0"	"beacon"	"definition"	"warped_tidal_lens"	"潮汐透镜信标"	""	""	""	""	"record"	"record"	"family=warped;role=starter;weight=1.2;risk=0;rule_key=projectile_orbit_retry;payload=half_orbit_after_overshoot=1;retry_once=1"	""	"星核"
"1.0"	"beacon"	"definition"	"warped_event_horizon"	"事件视界信标"	""	""	""	""	"record"	"record"	"family=warped;role=starter;weight=1.2;risk=0;rule_key=death_gravity_well;payload=first_pulled_death=1;well_duration=1.5;cooldown=5"	""	"星核"
"1.0"	"beacon"	"definition"	"warped_curved_path"	"曲率航迹信标"	""	""	""	""	"record"	"record"	"family=warped;role=amplifier;weight=1.1;risk=0;rule_key=split_retarget;payload=missed_split_retarget=1;correction_once=1;homing_inherit=0.6"	""	"星核"
"1.0"	"beacon"	"definition"	"warped_singularity_credit"	"奇点赊账信标"	""	""	""	""	"record"	"record"	"family=warped;role=converter;weight=1.1;risk=0;rule_key=pull_threshold_burst;payload=pulled_targets=5;area_burst=1;source_cooldown=6"	""	"星核"
"1.0"	"beacon"	"definition"	"hell_eye_redline_iris"	"赤线虹膜信标"	""	""	""	""	"record"	"record"	"family=hell_eye;role=starter;weight=1.2;risk=0;rule_key=frenzy_overheat_bank;payload=overheat_bank_cap=30;return_after_frenzy=1"	""	"地狱"
"1.0"	"beacon"	"definition"	"hell_eye_fever_relay"	"热病中继信标"	""	""	""	""	"record"	"record"	"family=hell_eye;role=starter;weight=1.2;risk=0;rule_key=heavy_hit_trigger_frenzy;payload=min_heat=60;heavy_hit_enters_frenzy=1;uses_per_room=1;damage_still_applies=1"	""	"地狱"
"1.0"	"beacon"	"definition"	"hell_eye_ash_covenant"	"灰烬契约信标"	""	""	""	""	"record"	"record"	"family=hell_eye;role=amplifier;weight=1.1;risk=0;rule_key=frenzy_room_heat_carry;payload=finish_room_in_frenzy=1;next_room_heat=25"	""	"地狱"
"1.0"	"beacon"	"definition"	"hell_eye_pain_prism"	"痛觉棱镜信标"	""	""	""	""	"record"	"record"	"family=hell_eye;role=converter;weight=1.1;risk=0;rule_key=frenzy_heal_defer;payload=deferred_heal_share=0.4;settle_after_frenzy=1;heat_from_deferred=1;cap=25"	""	"地狱"
"1.0"	"beacon"	"definition"	"divine_shared_trigger"	"共触圣谕信标"	""	""	""	""	"record"	"record"	"family=divine;role=bridge;weight=1.2;risk=0;rule_key=drone_player_onhit;payload=drone_hit_triggers_player_onhit=1;proc=0.35;preserve_lineage=1"	""	"神使"
"1.0"	"beacon"	"definition"	"divine_seraph_recall"	"圣羽召回信标"	""	""	""	""	"record"	"record"	"family=divine;role=amplifier;weight=1.1;risk=0;rule_key=frenzy_reset_drone;payload=on_frenzy_start=1;reset_oldest_drone_skill=1;reset_all=0"	""	"神使"
"1.0"	"beacon"	"definition"	"divine_choir_protocol"	"合唱协议信标"	""	""	""	""	"record"	"record"	"family=divine;role=converter;weight=1.1;risk=0;rule_key=drone_family_choir;payload=different_family_drones=3;same_target=1;choir_shot=1;target_cooldown=3"	""	"神使"
"1.0"	"beacon"	"definition"	"divine_formation_command"	"阵列指令信标"	""	""	""	""	"record"	"record"	"family=divine;role=starter;weight=1.2;risk=0;duration_nodes=2;rule_key=dash_drone_focus;payload=on_dash_end=1;gather_at_endpoint=1;focus_elite_or_boss_seconds=2"	""	"神使"
"1.0"	"calibration"	"definition"	"wide_scan"	"宽域扫描"	""	""	""	""	"record"	"record"	"family=general;role=information;weight=1;risk=0;payload=reveal_future_layers=2;unlock=initial;direct_power=0"	""	"每局只选一项"
"1.0"	"calibration"	"definition"	"procurement_voucher"	"采购凭证"	""	""	""	""	"record"	"record"	"family=general;role=economy;weight=1;risk=0;payload=free_first_shop_reroll=1;unlock=initial"	""	""
"1.0"	"calibration"	"definition"	"resonance_compass"	"共振罗盘"	""	""	""	""	"record"	"record"	"family=general;role=information;weight=1;risk=0;payload=choose_family=1;first_drafts=4;family_weight_mult=2;general_weight_mult=0.7;unlock=initial"	""	""
"1.0"	"calibration"	"definition"	"emergency_bulkhead"	"应急隔舱"	""	""	""	""	"record"	"record"	"family=general;role=stabilizer;weight=1;risk=0;payload=trigger_hp=20;heal=20;invulnerable_seconds=1;starting_mineral_debt=25;unlock=reach_boss_2"	""	""
"1.0"	"calibration"	"definition"	"overclock_lease"	"算力租约"	""	""	""	""	"record"	"record"	"family=general;weight=1;risk=0;payload=starting_compute_add=2;shop_price_mult=1.08;unlock=defeat_boss_1"	""	""
"1.0"	"calibration"	"definition"	"frenzy_preheat"	"热机协议"	""	""	""	""	"record"	"record"	"family=hell_eye;role=starter;weight=1;risk=0;payload=starting_heat=40;heat_gain_cap_add=2;healing_mult=0.85;unlock=reach_final_boss"	""	""
"1.0"	"calibration"	"definition"	"salvage_probe"	"回收探针"	""	""	""	""	"record"	"record"	"family=general;role=economy;weight=1;risk=0;payload=mark_high_value_on_start=1;mineral_mult=1.08;patrol_cap_add=1;unlock=defeat_boss_2"	""	""
"1.0"	"calibration"	"definition"	"chaos_seed"	"混沌种子"	""	""	""	""	"record"	"record"	"family=general;role=starter;weight=1;risk=0;payload=start_random_common_aux=1;uses_compute=1;stage1_family_shop_focus=0;unlock=first_clear"	""	""
"1.0"	"crisis"	"definition"	"crisis_1"	"巡逻增压"	"1"	""	""	""	"level"	"record"	"family=general;weight=1;risk=1;payload=patrol_interval_mult=0.90;enemy_cap_add=1"	""	"累计生效"
"1.0"	"crisis"	"definition"	"crisis_2"	"紧缩采购"	"2"	""	""	""	"level"	"record"	"family=general;weight=1;risk=1;payload=shop_price_mult=1.10;reroll_base_add=10"	""	"累计生效"
"1.0"	"crisis"	"definition"	"crisis_3"	"精英回声"	"3"	""	""	""	"level"	"record"	"family=general;weight=1;risk=1;payload=elite_family_affix=1;elite_ehp_mult=1.10"	""	"累计生效"
"1.0"	"crisis"	"definition"	"crisis_4"	"高价契约"	"4"	""	""	""	"level"	"record"	"family=general;weight=1;risk=1;payload=event_cost_mult=1.20;high_risk_reward_mult=1.10"	""	"累计生效"
"1.0"	"crisis"	"definition"	"crisis_5"	"首轮裁决"	"5"	""	""	""	"level"	"record"	"family=general;weight=1;risk=1;payload=boss_ehp_mult=1.10;boss_enhance_at_hp_ratio=0.60"	""	"累计生效"
"1.0"	"crisis"	"definition"	"crisis_6"	"危险残区"	"6"	""	""	""	"level"	"record"	"family=general;weight=1;risk=1;payload=trap_count_mult=1.20;damage_category_cap=1"	""	"累计生效"
"1.0"	"crisis"	"definition"	"crisis_7"	"修复匮乏"	"7"	""	""	""	"level"	"record"	"family=general;weight=1;risk=1;payload=healing_mult=0.75;minimum_heal=1"	""	"累计生效"
"1.0"	"crisis"	"definition"	"crisis_8"	"混编猎队"	"8"	""	""	""	"level"	"record"	"family=general;weight=1;risk=1;payload=mixed_family_wave_chance=0.30;second_family=1"	""	"累计生效"
"1.0"	"crisis"	"definition"	"crisis_9"	"深层裁决"	"9"	""	""	""	"level"	"record"	"family=general;weight=1;risk=1;payload=boss_skill_cooldown_mult=0.90;family_enhanced_move=1"	""	"累计生效"
"1.0"	"crisis"	"definition"	"crisis_10"	"最终否决"	"10"	""	""	""	"level"	"record"	"family=general;weight=1;risk=1;payload=active_conditions=3;final_boss_random_family_verdict=1"	""	"累计生效"
"1.0"	"equipment"	"weapon"	"pulse_cannon"	"脉冲机炮"	""	""	""	""	"record"	"record"	"family=general;role=main_weapon;rarity=starter;price=0;stats=atk_bonus:0|bullet_count:1|fire_rate_mult:1.0|projectile_damage_mult:1|spread_degrees:0.0|target_single_target_dps:40"	"projectile_mult=target_dps*0.25*interval_mult/((10+atk_bonus)*bullet_count)"	"Weapon single-target DPS normalized to 40-66; coverage is budgeted separately."
"1.0"	"equipment"	"weapon"	"twin_lance"	"双联光矛"	""	""	""	""	"record"	"record"	"family=general;role=main_weapon;rarity=common;price=60;stats=atk_bonus:1|bullet_count:2|fire_rate_mult:1.05|projectile_damage_mult:0.573|spread_degrees:9.0|target_single_target_dps:48"	"projectile_mult=target_dps*0.25*interval_mult/((10+atk_bonus)*bullet_count)"	"Weapon single-target DPS normalized to 40-66; coverage is budgeted separately."
"1.0"	"equipment"	"weapon"	"rail_spike"	"星轨钉刺炮"	""	""	""	""	"record"	"record"	"family=colossus;role=main_weapon;rarity=common;price=70;stats=atk_bonus:6|bullet_count:1|fire_rate_mult:1.35|projectile_damage_mult:1.097|spread_degrees:0.0|target_single_target_dps:52"	"projectile_mult=target_dps*0.25*interval_mult/((10+atk_bonus)*bullet_count)"	"Weapon single-target DPS normalized to 40-66; coverage is budgeted separately."
"1.0"	"equipment"	"weapon"	"storm_array"	"风暴阵列"	""	""	""	""	"record"	"record"	"family=paradise;role=main_weapon;rarity=common;price=75;stats=atk_bonus:0|bullet_count:3|fire_rate_mult:1.15|projectile_damage_mult:0.479|spread_degrees:18.0|target_single_target_dps:50"	"projectile_mult=target_dps*0.25*interval_mult/((10+atk_bonus)*bullet_count)"	"Weapon single-target DPS normalized to 40-66; coverage is budgeted separately."
"1.0"	"equipment"	"weapon"	"comet_shredder"	"彗尾撕裂炮"	""	""	""	""	"record"	"record"	"family=paradise;role=main_weapon;rarity=common;price=85;stats=atk_bonus:2|bullet_count:2|bullet_speed_mult:1.08|fire_rate_mult:0.92|projectile_damage_mult:0.518|spread_degrees:12.0|target_single_target_dps:54"	"projectile_mult=target_dps*0.25*interval_mult/((10+atk_bonus)*bullet_count)"	"Weapon single-target DPS normalized to 40-66; coverage is budgeted separately."
"1.0"	"equipment"	"weapon"	"prism_volley"	"棱镜齐射器"	""	""	""	""	"record"	"record"	"family=paradise;role=main_weapon;rarity=rare;price=100;stats=atk_bonus:0|bullet_count:4|fire_rate_mult:1.05|projectile_damage_mult:0.361|spread_degrees:26.0|target_single_target_dps:55"	"projectile_mult=target_dps*0.25*interval_mult/((10+atk_bonus)*bullet_count)"	"Weapon single-target DPS normalized to 40-66; coverage is budgeted separately."
"1.0"	"equipment"	"weapon"	"nova_borer"	"新星钻孔炮"	""	""	""	""	"record"	"record"	"family=colossus;role=main_weapon;rarity=rare;price=130;stats=atk_bonus:9|bullet_count:1|bullet_speed_mult:1.22|fire_rate_mult:1.55|projectile_damage_mult:1.264|spread_degrees:0.0|target_single_target_dps:62"	"projectile_mult=target_dps*0.25*interval_mult/((10+atk_bonus)*bullet_count)"	"Weapon single-target DPS normalized to 40-66; coverage is budgeted separately."
"1.0"	"equipment"	"weapon"	"aurora_needler"	"极光针束"	""	""	""	""	"record"	"record"	"family=hell_eye;role=main_weapon;rarity=rare;price=100;stats=atk_bonus:1|bullet_count:1|fire_rate_mult:0.72|projectile_damage_mult:0.884|spread_degrees:0.0|target_single_target_dps:54"	"projectile_mult=target_dps*0.25*interval_mult/((10+atk_bonus)*bullet_count)"	"Weapon single-target DPS normalized to 40-66; coverage is budgeted separately."
"1.0"	"equipment"	"weapon"	"void_saw"	"虚空锯链"	""	""	""	""	"record"	"record"	"family=warped;role=main_weapon;rarity=rare;price=125;stats=atk_bonus:4|bullet_count:2|fire_rate_mult:0.86|homing_range:300.0|homing_strength:1.5|projectile_damage_mult:0.461|spread_degrees:6.0|target_single_target_dps:60"	"projectile_mult=target_dps*0.25*interval_mult/((10+atk_bonus)*bullet_count)"	"Weapon single-target DPS normalized to 40-66; coverage is budgeted separately."
"1.0"	"equipment"	"weapon"	"pulse_hail"	"脉冲冰雹"	""	""	""	""	"record"	"record"	"family=hell_eye;role=main_weapon;rarity=common;price=90;stats=atk_bonus:0|bullet_count:1|fire_rate_mult:0.64|projectile_damage_mult:0.8|spread_degrees:0.0|target_single_target_dps:50"	"projectile_mult=target_dps*0.25*interval_mult/((10+atk_bonus)*bullet_count)"	"Weapon single-target DPS normalized to 40-66; coverage is budgeted separately."
"1.0"	"equipment"	"weapon"	"ion_carbine"	"离子卡宾"	""	""	""	""	"record"	"record"	"family=general;role=main_weapon;rarity=common;price=65;stats=atk_bonus:3|bullet_count:1|bullet_speed_mult:1.12|fire_rate_mult:0.98|projectile_damage_mult:0.942|spread_degrees:0.0|target_single_target_dps:50"	"projectile_mult=target_dps*0.25*interval_mult/((10+atk_bonus)*bullet_count)"	"Weapon single-target DPS normalized to 40-66; coverage is budgeted separately."
"1.0"	"equipment"	"weapon"	"meteor_hammer"	"陨锤炮"	""	""	""	""	"record"	"record"	"family=colossus;role=main_weapon;rarity=rare;price=145;stats=atk_bonus:12|bullet_count:1|fire_rate_mult:1.85|projectile_damage_mult:1.345|spread_degrees:0.0|target_single_target_dps:64"	"projectile_mult=target_dps*0.25*interval_mult/((10+atk_bonus)*bullet_count)"	"Weapon single-target DPS normalized to 40-66; coverage is budgeted separately."
"1.0"	"equipment"	"weapon"	"starfall_shotgun"	"坠星霰炮"	""	""	""	""	"record"	"record"	"family=paradise;role=main_weapon;rarity=rare;price=130;stats=atk_bonus:1|bullet_count:5|fire_rate_mult:1.18|projectile_damage_mult:0.333|spread_degrees:38.0|target_single_target_dps:62"	"projectile_mult=target_dps*0.25*interval_mult/((10+atk_bonus)*bullet_count)"	"Weapon single-target DPS normalized to 40-66; coverage is budgeted separately."
"1.0"	"equipment"	"weapon"	"graviton_piercer"	"引力穿针"	""	""	""	""	"record"	"record"	"family=warped;role=main_weapon;rarity=rare;price=135;stats=atk_bonus:5|bullet_count:1|fire_rate_mult:1.12|homing_range:420.0|homing_strength:2.5|projectile_damage_mult:1.12|spread_degrees:0.0|target_single_target_dps:60"	"projectile_mult=target_dps*0.25*interval_mult/((10+atk_bonus)*bullet_count)"	"Weapon single-target DPS normalized to 40-66; coverage is budgeted separately."
"1.0"	"equipment"	"weapon"	"solar_bloom"	"日冕绽放"	""	""	""	""	"record"	"record"	"family=paradise;role=main_weapon;rarity=rare;price=155;stats=atk_bonus:2|bullet_count:6|fire_rate_mult:0.95|projectile_damage_mult:0.218|spread_degrees:42.0|target_single_target_dps:66"	"projectile_mult=target_dps*0.25*interval_mult/((10+atk_bonus)*bullet_count)"	"Weapon single-target DPS normalized to 40-66; coverage is budgeted separately."
"1.0"	"equipment"	"weapon"	"dusk_repeater"	"暮色连发机"	""	""	""	""	"record"	"record"	"family=general;role=main_weapon;rarity=common;price=90;stats=atk_bonus:2|bullet_count:1|bullet_speed_mult:1.04|fire_rate_mult:0.68|projectile_damage_mult:0.779|spread_degrees:0.0|target_single_target_dps:55"	"projectile_mult=target_dps*0.25*interval_mult/((10+atk_bonus)*bullet_count)"	"Weapon single-target DPS normalized to 40-66; coverage is budgeted separately."
"1.0"	"equipment"	"weapon"	"oracle_beam"	"神谕束流"	""	""	""	""	"record"	"record"	"family=divine;role=main_weapon;rarity=rare;price=150;stats=atk_bonus:6|bullet_count:2|fire_rate_mult:0.90|projectile_damage_mult:0.45|spread_degrees:4.0|target_single_target_dps:64"	"projectile_mult=target_dps*0.25*interval_mult/((10+atk_bonus)*bullet_count)"	"Weapon single-target DPS normalized to 40-66; coverage is budgeted separately."
"1.0"	"equipment"	"weapon"	"ember_scythe"	"余烬镰炮"	""	""	""	""	"record"	"record"	"family=hell_eye;role=main_weapon;rarity=rare;price=115;stats=atk_bonus:4|bullet_count:2|fire_rate_mult:0.82|projectile_damage_mult:0.425|spread_degrees:18.0|target_single_target_dps:58"	"projectile_mult=target_dps*0.25*interval_mult/((10+atk_bonus)*bullet_count)"	"Weapon single-target DPS normalized to 40-66; coverage is budgeted separately."
"1.0"	"equipment"	"weapon"	"frostline_rail"	"霜线轨炮"	""	""	""	""	"record"	"record"	"family=general;role=main_weapon;rarity=rare;price=145;stats=atk_bonus:8|bullet_count:1|bullet_speed_mult:1.35|fire_rate_mult:1.28|projectile_damage_mult:1.156|spread_degrees:0.0|target_single_target_dps:65"	"projectile_mult=target_dps*0.25*interval_mult/((10+atk_bonus)*bullet_count)"	"Weapon single-target DPS normalized to 40-66; coverage is budgeted separately."
"1.0"	"equipment"	"weapon"	"drone_command_staff"	"僚机指挥杖"	""	""	""	""	"record"	"record"	"family=divine;role=main_weapon;rarity=rare;price=140;stats=atk_bonus:1|bullet_count:2|drone_slots:1|fire_rate_mult:1.08|projectile_damage_mult:0.638|spread_degrees:8.0|target_single_target_dps:52"	"projectile_mult=target_dps*0.25*interval_mult/((10+atk_bonus)*bullet_count)"	"Weapon single-target DPS normalized to 40-66; coverage is budgeted separately."
"1.0"	"equipment"	"auxiliary"	"overclock_core"	"超频核心"	""	""	""	""	"record"	"record"	"family=general;role=stabilizer;rarity=common;price=50;compute=2;stats=atk_bonus:1|fire_rate_mult:0.92|mineral_bonus:0|speed_mult:1"	"rarity_budget_clamp"	"Legacy price 30 and compute 2; normalized by rarity and pure-stat caps."
"1.0"	"equipment"	"auxiliary"	"vector_thruster"	"矢量推进副机"	""	""	""	""	"record"	"record"	"family=general;role=stabilizer;rarity=common;price=50;compute=2;stats=atk_bonus:0|fire_rate_mult:1|mineral_bonus:0|speed_mult:1.08"	"rarity_budget_clamp"	"Legacy price 25 and compute 1; normalized by rarity and pure-stat caps."
"1.0"	"equipment"	"auxiliary"	"salvage_ai"	"回收演算副机"	""	""	""	""	"record"	"record"	"family=general;role=stabilizer;rarity=common;price=50;compute=2;stats=atk_bonus:0|fire_rate_mult:1|mineral_bonus:0.1|speed_mult:1"	"rarity_budget_clamp"	"Legacy price 40 and compute 2; normalized by rarity and pure-stat caps."
"1.0"	"equipment"	"auxiliary"	"targeting_ghost"	"幽灵瞄准副机"	""	""	""	""	"record"	"record"	"family=general;role=stabilizer;rarity=common;price=55;compute=3;stats=atk_bonus:1|fire_rate_mult:0.96|mineral_bonus:0|speed_mult:1"	"rarity_budget_clamp"	"Legacy price 55 and compute 3; normalized by rarity and pure-stat caps."
"1.0"	"equipment"	"auxiliary"	"choir_shard"	"圣歌碎片副机"	""	""	""	""	"record"	"record"	"family=general;role=stabilizer;rarity=common;price=75;compute=3;stats=atk_bonus:1|fire_rate_mult:0.92|mineral_bonus:0.1|speed_mult:1.08"	"rarity_budget_clamp"	"Legacy price 75 and compute 5; normalized by rarity and pure-stat caps."
"1.0"	"equipment"	"auxiliary"	"colossus_impact_mirror"	"巨构冲击镜"	""	""	""	""	"record"	"record"	"family=colossus;role=converter;rarity=boss;price=0;compute=4;stats=atk_bonus:2|boss_drop:true|dash_shield_duration:0.9|effect_id:dash_impact_mirror"	"rarity_budget_clamp"	"Legacy price 0 and compute 4; normalized by rarity and pure-stat caps."
"1.0"	"equipment"	"auxiliary"	"paradise_cover_matrix"	"天堂火力矩阵"	""	""	""	""	"record"	"record"	"family=paradise;role=converter;rarity=boss;price=0;compute=4;stats=boss_drop:true|bullet_charge:14.0|effect_id:cover_fire_matrix"	"rarity_budget_clamp"	"Legacy price 0 and compute 4; normalized by rarity and pure-stat caps."
"1.0"	"equipment"	"auxiliary"	"warped_gravity_lens"	"扭曲引力透镜"	""	""	""	""	"record"	"record"	"family=warped;role=converter;rarity=boss;price=0;compute=4;stats=atk_bonus:3|boss_drop:true|effect_id:gravity_lens|gravity_pull_radius:280.0|gravity_pull_strength:560.0"	"rarity_budget_clamp"	"Legacy price 0 and compute 4; normalized by rarity and pure-stat caps."
"1.0"	"equipment"	"auxiliary"	"hell_eye_frenzy_iris"	"地狱狂热虹膜"	""	""	""	""	"record"	"record"	"family=hell_eye;role=converter;rarity=boss;price=0;compute=4;stats=atk_bonus:1|boss_drop:true|effect_id:frenzy_iris|fire_rate_mult:0.88|frenzy_damage_mult:1.18|frenzy_damage_taken_mult:0.82|frenzy_fire_rate_mult:0.82|frenzy_gain_mult:1.35|mineral_bonus:0|speed_mult:1.06"	"rarity_budget_clamp"	"Legacy price 0 and compute 4; normalized by rarity and pure-stat caps."
"1.0"	"equipment"	"auxiliary"	"divine_drone_seed"	"神使无人机种子"	""	""	""	""	"record"	"record"	"family=divine;role=converter;rarity=boss;price=0;compute=4;stats=boss_drop:true|drone_behavior:shooter|drone_damage_mult:1.3|drone_slots:1|effect_id:drone_seed"	"rarity_budget_clamp"	"Legacy price 0 and compute 4; normalized by rarity and pure-stat caps."
"1.0"	"equipment"	"auxiliary"	"colossus_aftershock_keel"	"巨构余震龙骨"	""	""	""	""	"record"	"record"	"family=colossus;role=converter;rarity=boss;price=0;compute=5;stats=atk_bonus:3|boss_drop:true|boss_drop_stage:2|dash_aftershock_damage_mult:0.5|dash_aftershock_radius:150.0|effect_id:dash_aftershock_keel"	"rarity_budget_clamp"	"Legacy price 0 and compute 5; normalized by rarity and pure-stat caps."
"1.0"	"equipment"	"auxiliary"	"colossus_singularity_ram"	"巨构奇点撞锤"	""	""	""	""	"record"	"record"	"family=colossus;role=converter;rarity=boss;price=0;compute=6;stats=boss_drop:true|boss_drop_stage:3|dash_chain:3|dash_damage_mult:1.4|effect_id:singularity_ram"	"rarity_budget_clamp"	"Legacy price 0 and compute 6; normalized by rarity and pure-stat caps."
"1.0"	"equipment"	"auxiliary"	"paradise_sunburst_rack"	"天堂日冕弹架"	""	""	""	""	"record"	"record"	"family=paradise;role=converter;rarity=boss;price=0;compute=5;stats=atk_bonus:2|boss_drop:true|boss_drop_stage:2|bullet_chain:3|effect_id:sunburst_rack"	"rarity_budget_clamp"	"Legacy price 0 and compute 5; normalized by rarity and pure-stat caps."
"1.0"	"equipment"	"auxiliary"	"paradise_heavenfall_array"	"天堂坠光阵列"	""	""	""	""	"record"	"record"	"family=paradise;role=converter;rarity=boss;price=0;compute=6;stats=atk_bonus:3|boss_drop:true|boss_drop_stage:3|bullet_split_count:4|bullet_split_damage_mult:0.5|bullet_split_spread_degrees:34.0|effect_id:heavenfall_array"	"rarity_budget_clamp"	"Legacy price 0 and compute 6; normalized by rarity and pure-stat caps."
"1.0"	"equipment"	"auxiliary"	"warped_event_horizon_spool"	"星核视界线轴"	""	""	""	""	"record"	"record"	"family=warped;role=converter;rarity=boss;price=0;compute=5;stats=atk_bonus:4|boss_drop:true|boss_drop_stage:2|bullet_mark_bonus:0.4|effect_id:event_horizon_spool"	"rarity_budget_clamp"	"Legacy price 0 and compute 5; normalized by rarity and pure-stat caps."
"1.0"	"equipment"	"auxiliary"	"warped_gravity_well_core"	"星核重井核心"	""	""	""	""	"record"	"record"	"family=warped;role=converter;rarity=boss;price=0;compute=6;stats=atk_bonus:4|boss_drop:true|boss_drop_stage:3|bullet_blackhole:760.0|effect_id:gravity_well_core"	"rarity_budget_clamp"	"Legacy price 0 and compute 6; normalized by rarity and pure-stat caps."
"1.0"	"equipment"	"auxiliary"	"hell_eye_redline_crown"	"地狱红线王冠"	""	""	""	""	"record"	"record"	"family=hell_eye;role=converter;rarity=boss;price=0;compute=5;stats=atk_bonus:2|boss_drop:true|boss_drop_stage:2|effect_id:redline_crown|fire_rate_mult:0.86|frenzy_damage_mult:1.32|frenzy_damage_taken_mult:0.76|frenzy_fire_rate_mult:0.76|frenzy_gain_mult:1.52|mineral_bonus:0|speed_mult:1.08"	"rarity_budget_clamp"	"Legacy price 0 and compute 5; normalized by rarity and pure-stat caps."
"1.0"	"equipment"	"auxiliary"	"hell_eye_apocalypse_pupil"	"地狱启示瞳"	""	""	""	""	"record"	"record"	"family=hell_eye;role=converter;rarity=boss;price=0;compute=6;stats=atk_bonus:4|boss_drop:true|boss_drop_stage:3|effect_id:apocalypse_pupil|fire_rate_mult:0.82|frenzy_damage_mult:1.52|frenzy_damage_taken_mult:0.68|frenzy_fire_rate_mult:0.68|frenzy_gain_mult:1.75|mineral_bonus:0|speed_mult:1.12"	"rarity_budget_clamp"	"Legacy price 0 and compute 6; normalized by rarity and pure-stat caps."
"1.0"	"equipment"	"auxiliary"	"divine_seraphim_link"	"神使炽天链路"	""	""	""	""	"record"	"record"	"family=divine;role=converter;rarity=boss;price=0;compute=5;stats=boss_drop:true|boss_drop_stage:2|drone_behavior:guardian|drone_slots:2|effect_id:seraphim_link"	"rarity_budget_clamp"	"Legacy price 0 and compute 5; normalized by rarity and pure-stat caps."
"1.0"	"equipment"	"auxiliary"	"divine_oracle_swarm_core"	"神使蜂群圣核"	""	""	""	""	"record"	"record"	"family=divine;role=converter;rarity=boss;price=0;compute=6;stats=boss_drop:true|boss_drop_stage:3|drone_behavior:kamikaze|drone_slots:3|effect_id:oracle_swarm_core"	"rarity_budget_clamp"	"Legacy price 0 and compute 6; normalized by rarity and pure-stat caps."
"1.0"	"equipment"	"auxiliary"	"impact_servos"	"冲击伺服肢"	""	""	""	""	"record"	"record"	"family=colossus;role=amplifier;rarity=common;price=55;compute=2;stats=dash_damage_mult:1.2"	"rarity_budget_clamp"	"Legacy price 55 and compute 2; normalized by rarity and pure-stat caps."
"1.0"	"equipment"	"auxiliary"	"extended_ram_plate"	"延展撞角板"	""	""	""	""	"record"	"record"	"family=colossus;role=starter;rarity=common;price=62;compute=3;stats=dash_mining:1.0"	"rarity_budget_clamp"	"Legacy price 62 and compute 3; normalized by rarity and pure-stat caps."
"1.0"	"equipment"	"auxiliary"	"kinetic_reflector"	"动能折返器"	""	""	""	""	"record"	"record"	"family=colossus;role=starter;rarity=rare;price=100;compute=4;stats=dash_chain:2"	"rarity_budget_clamp"	"Legacy price 85 and compute 4; normalized by rarity and pure-stat caps."
"1.0"	"equipment"	"auxiliary"	"scatter_regulator"	"散射调节阀"	""	""	""	""	"record"	"record"	"family=paradise;role=amplifier;rarity=common;price=52;compute=2;stats=bullet_count_bonus:1"	"rarity_budget_clamp"	"Legacy price 52 and compute 2; normalized by rarity and pure-stat caps."
"1.0"	"equipment"	"auxiliary"	"coil_accelerator"	"线圈加速器"	""	""	""	""	"record"	"record"	"family=paradise;role=starter;rarity=common;price=58;compute=2;stats=bullet_ring_count:1"	"rarity_budget_clamp"	"Legacy price 58 and compute 2; normalized by rarity and pure-stat caps."
"1.0"	"equipment"	"auxiliary"	"barrage_clock"	"弹幕时钟"	""	""	""	""	"record"	"record"	"family=paradise;role=starter;rarity=rare;price=100;compute=4;stats=bullet_split_count:2|bullet_split_damage_mult:0.35"	"rarity_budget_clamp"	"Legacy price 90 and compute 4; normalized by rarity and pure-stat caps."
"1.0"	"equipment"	"auxiliary"	"gravity_threader"	"引力穿线器"	""	""	""	""	"record"	"record"	"family=warped;role=starter;rarity=common;price=60;compute=3;stats=gravity_pull_radius:200.0|gravity_pull_strength:280.0"	"rarity_budget_clamp"	"Legacy price 60 and compute 3; normalized by rarity and pure-stat caps."
"1.0"	"equipment"	"auxiliary"	"singularity_spool"	"奇点线轴"	""	""	""	""	"record"	"record"	"family=warped;role=starter;rarity=rare;price=100;compute=4;stats=bullet_phase:1"	"rarity_budget_clamp"	"Legacy price 82 and compute 4; normalized by rarity and pure-stat caps."
"1.0"	"equipment"	"auxiliary"	"tidal_calculator"	"潮汐演算器"	""	""	""	""	"record"	"record"	"family=warped;role=amplifier;rarity=common;price=72;compute=3;stats=bullet_slow:0.35"	"rarity_budget_clamp"	"Legacy price 72 and compute 3; normalized by rarity and pure-stat caps."
"1.0"	"equipment"	"auxiliary"	"frenzy_injector"	"狂热注射器"	""	""	""	""	"record"	"record"	"family=hell_eye;role=amplifier;rarity=common;price=56;compute=2;stats=atk_bonus:0|fire_rate_mult:0.96|frenzy_gain_mult:1.18|mineral_bonus:0|speed_mult:1"	"rarity_budget_clamp"	"Legacy price 56 and compute 2; normalized by rarity and pure-stat caps."
"1.0"	"equipment"	"auxiliary"	"blood_heat_sink"	"血热散逸片"	""	""	""	""	"record"	"record"	"family=hell_eye;role=amplifier;rarity=common;price=74;compute=3;stats=atk_bonus:1|fire_rate_mult:1|frenzy_damage_taken_mult:0.92|mineral_bonus:0|speed_mult:1"	"rarity_budget_clamp"	"Legacy price 74 and compute 3; normalized by rarity and pure-stat caps."
"1.0"	"equipment"	"auxiliary"	"redline_metronome"	"红线节拍器"	""	""	""	""	"record"	"record"	"family=hell_eye;role=starter;rarity=rare;price=100;compute=4;stats=atk_bonus:1|fire_rate_mult:0.92|frenzy_fire_rate_mult:0.88|frenzy_gain_mult:1.16|mineral_bonus:0|speed_mult:1.03"	"rarity_budget_clamp"	"Legacy price 88 and compute 4; normalized by rarity and pure-stat caps."
"1.0"	"equipment"	"auxiliary"	"drone_hangar"	"折叠无人机库"	""	""	""	""	"record"	"record"	"family=divine;role=starter;rarity=rare;price=100;compute=5;stats=drone_behavior:shooter|drone_fire_interval_mult:0.8|drone_slots:1"	"rarity_budget_clamp"	"Legacy price 92 and compute 5; normalized by rarity and pure-stat caps."
"1.0"	"equipment"	"auxiliary"	"oracle_sync_chip"	"神谕同步芯片"	""	""	""	""	"record"	"record"	"family=divine;role=starter;rarity=common;price=70;compute=3;stats=atk_bonus:1|drone_behavior:shooter|drone_slots:1"	"rarity_budget_clamp"	"Legacy price 70 and compute 3; normalized by rarity and pure-stat caps."
"1.0"	"equipment"	"auxiliary"	"wingman_protocol"	"僚机协议"	""	""	""	""	"record"	"record"	"family=divine;role=starter;rarity=common;price=64;compute=2;stats=drone_behavior:guardian|drone_slots:1"	"rarity_budget_clamp"	"Legacy price 64 and compute 2; normalized by rarity and pure-stat caps."
"1.0"	"equipment"	"auxiliary"	"mineral_sieve"	"星髓筛分器"	""	""	""	""	"record"	"record"	"family=general;role=stabilizer;rarity=common;price=50;compute=2;stats=atk_bonus:0|fire_rate_mult:1|mineral_bonus:0.1|speed_mult:1"	"rarity_budget_clamp"	"Legacy price 45 and compute 2; normalized by rarity and pure-stat caps."
"1.0"	"equipment"	"auxiliary"	"armor_lattice"	"装甲晶格"	""	""	""	""	"record"	"record"	"family=general;role=amplifier;rarity=common;price=50;compute=2;stats=damage_taken_mult:0.88"	"rarity_budget_clamp"	"Legacy price 50 and compute 2; normalized by rarity and pure-stat caps."
"1.0"	"equipment"	"auxiliary"	"coolant_loop"	"冷却回路"	""	""	""	""	"record"	"record"	"family=general;role=stabilizer;rarity=common;price=50;compute=2;stats=atk_bonus:0|fire_rate_mult:0.92|mineral_bonus:0|speed_mult:1"	"rarity_budget_clamp"	"Legacy price 48 and compute 2; normalized by rarity and pure-stat caps."
"1.0"	"equipment"	"auxiliary"	"survey_lidar"	"勘探激光雷达"	""	""	""	""	"record"	"record"	"family=general;role=stabilizer;rarity=common;price=50;compute=2;stats=reveal_map:1.0"	"rarity_budget_clamp"	"Legacy price 42 and compute 1; normalized by rarity and pure-stat caps."
"1.0"	"equipment"	"auxiliary"	"ammo_compressor"	"弹仓压缩器"	""	""	""	""	"record"	"record"	"family=general;role=stabilizer;rarity=rare;price=100;compute=3;stats=atk_bonus:2|fire_rate_mult:0.94|mineral_bonus:0|speed_mult:1"	"rarity_budget_clamp"	"Legacy price 76 and compute 3; normalized by rarity and pure-stat caps."
"1.0"	"equipment"	"auxiliary"	"navigation_daemon"	"导航守护进程"	""	""	""	""	"record"	"record"	"family=general;role=stabilizer;rarity=common;price=68;compute=3;stats=atk_bonus:0|fire_rate_mult:1|mineral_bonus:0|speed_mult:1.08"	"rarity_budget_clamp"	"Legacy price 68 and compute 3; normalized by rarity and pure-stat caps."
"1.0"	"equipment"	"auxiliary"	"field_balancer"	"力场平衡器"	""	""	""	""	"record"	"record"	"family=general;role=stabilizer;rarity=rare;price=100;compute=4;stats=atk_bonus:1|fire_rate_mult:0.96|mineral_bonus:0.08|speed_mult:1.06"	"rarity_budget_clamp"	"Legacy price 84 and compute 4; normalized by rarity and pure-stat caps."
"1.0"	"equipment"	"auxiliary"	"risk_ledger"	"危机账本"	""	""	""	""	"record"	"record"	"family=general;role=stabilizer;rarity=rare;price=100;compute=4;stats=crisis_atk_scale:1.5|mineral_bonus:0.14"	"rarity_budget_clamp"	"Legacy price 95 and compute 4; normalized by rarity and pure-stat caps."
"1.0"	"equipment"	"auxiliary"	"phase_bootloader"	"相位启动器"	""	""	""	""	"record"	"record"	"family=colossus;role=starter;rarity=rare;price=100;compute=3;stats=dash_rebound_bonus:0.28"	"rarity_budget_clamp"	"Legacy price 78 and compute 3; normalized by rarity and pure-stat caps."
"1.0"	"equipment"	"auxiliary"	"cache_diviner"	"缓存占卜器"	""	""	""	""	"record"	"record"	"family=general;role=stabilizer;rarity=common;price=66;compute=2;stats=mineral_bonus:0.1|reveal_map:1.0"	"rarity_budget_clamp"	"Legacy price 66 and compute 2; normalized by rarity and pure-stat caps."
"1.0"	"equipment"	"auxiliary"	"colossus_impact_coil"	"巨构冲击线圈"	""	""	""	""	"record"	"record"	"family=colossus;role=amplifier;rarity=common;price=68;compute=2;stats=dash_damage_mult:1.14"	"rarity_budget_clamp"	"Legacy price 68 and compute 2; normalized by rarity and pure-stat caps."
"1.0"	"equipment"	"auxiliary"	"colossus_ramming_keel"	"巨构撞击龙骨"	""	""	""	""	"record"	"record"	"family=colossus;role=starter;rarity=common;price=74;compute=3;stats=dash_rebound_bonus:0.2"	"rarity_budget_clamp"	"Legacy price 74 and compute 3; normalized by rarity and pure-stat caps."
"1.0"	"equipment"	"auxiliary"	"colossus_phase_anchor"	"巨构相位锚"	""	""	""	""	"record"	"record"	"family=colossus;role=amplifier;rarity=rare;price=118;compute=5;stats=dash_trail_damage_mult:0.35"	"rarity_budget_clamp"	"Legacy price 118 and compute 5; normalized by rarity and pure-stat caps."
"1.0"	"equipment"	"auxiliary"	"colossus_afterburner_vane"	"巨构尾焰导叶"	""	""	""	""	"record"	"record"	"family=colossus;role=amplifier;rarity=common;price=86;compute=3;stats=dash_shield_duration:0.4"	"rarity_budget_clamp"	"Legacy price 86 and compute 3; normalized by rarity and pure-stat caps."
"1.0"	"equipment"	"auxiliary"	"colossus_kinetic_battery"	"巨构动能电池"	""	""	""	""	"record"	"record"	"family=colossus;role=bridge;rarity=rare;price=126;compute=5;stats=bridge_rule:aftershock_mass_mark|dash_aftershock_damage_mult:0.35|dash_aftershock_radius:110.0|proc_coefficient:0.5"	"rarity_budget_clamp"	"Legacy price 126 and compute 5; normalized by rarity and pure-stat caps."
"1.0"	"equipment"	"auxiliary"	"colossus_rebound_gyros"	"巨构折返陀螺"	""	""	""	""	"record"	"record"	"family=colossus;role=starter;rarity=common;price=82;compute=3;stats=dash_aftershock_damage_mult:0.25|dash_aftershock_radius:85.0"	"rarity_budget_clamp"	"Legacy price 82 and compute 3; normalized by rarity and pure-stat caps."
"1.0"	"equipment"	"auxiliary"	"colossus_crash_recorder"	"巨构撞击记录仪"	""	""	""	""	"record"	"record"	"family=colossus;role=bridge;rarity=rare;price=135;compute=4;stats=bridge_rule:dash_fan_shot|dash_chain:1|dash_damage_mult:1.15|proc_coefficient:0.35"	"rarity_budget_clamp"	"Legacy price 135 and compute 4; normalized by rarity and pure-stat caps."
"1.0"	"equipment"	"auxiliary"	"colossus_titan_piston"	"巨构泰坦活塞"	""	""	""	""	"record"	"record"	"family=colossus;role=amplifier;rarity=epic;price=170;compute=6;stats=atk_bonus:3|dash_trail_damage_mult:0.5"	"rarity_budget_clamp"	"Legacy price 168 and compute 6; normalized by rarity and pure-stat caps."
"1.0"	"equipment"	"auxiliary"	"colossus_vector_plow"	"巨构矢量犁"	""	""	""	""	"record"	"record"	"family=colossus;role=amplifier;rarity=common;price=70;compute=2;stats=dash_damage_mult:1.18"	"rarity_budget_clamp"	"Legacy price 70 and compute 2; normalized by rarity and pure-stat caps."
"1.0"	"equipment"	"auxiliary"	"colossus_guarded_charge"	"巨构护航冲锋核"	""	""	""	""	"record"	"record"	"family=colossus;role=starter;rarity=rare;price=142;compute=5;stats=dash_rebound_bonus:0.4"	"rarity_budget_clamp"	"Legacy price 142 and compute 5; normalized by rarity and pure-stat caps."
"1.0"	"equipment"	"auxiliary"	"colossus_shear_boots"	"巨构剪切推进靴"	""	""	""	""	"record"	"record"	"family=colossus;role=amplifier;rarity=common;price=78;compute=3;stats=dash_trail_damage_mult:0.22"	"rarity_budget_clamp"	"Legacy price 78 and compute 3; normalized by rarity and pure-stat caps."
"1.0"	"equipment"	"auxiliary"	"colossus_momentum_vault"	"巨构动量库"	""	""	""	""	"record"	"record"	"family=colossus;role=amplifier;rarity=epic;price=182;compute=7;stats=dash_shield_duration:0.6"	"rarity_budget_clamp"	"Legacy price 182 and compute 7; normalized by rarity and pure-stat caps."
"1.0"	"equipment"	"auxiliary"	"paradise_splitter_board"	"天堂分流板"	""	""	""	""	"record"	"record"	"family=paradise;role=starter;rarity=common;price=76;compute=2;stats=bullet_split_count:1"	"rarity_budget_clamp"	"Legacy price 76 and compute 2; normalized by rarity and pure-stat caps."
"1.0"	"equipment"	"auxiliary"	"paradise_rapid_breech"	"天堂速射炮闩"	""	""	""	""	"record"	"record"	"family=paradise;role=amplifier;rarity=common;price=82;compute=3;stats=fire_rate_mult:0.92"	"rarity_budget_clamp"	"Legacy price 82 and compute 3; normalized by rarity and pure-stat caps."
"1.0"	"equipment"	"auxiliary"	"paradise_tracer_fan"	"天堂曳光扇"	""	""	""	""	"record"	"record"	"family=paradise;role=bridge;rarity=common;price=88;compute=3;stats=bridge_rule:split_inherit_homing|bullet_chain:1|proc_coefficient:0.5"	"rarity_budget_clamp"	"Legacy price 88 and compute 3; normalized by rarity and pure-stat caps."
"1.0"	"equipment"	"auxiliary"	"paradise_pressure_chamber"	"天堂增压膛"	""	""	""	""	"record"	"record"	"family=paradise;role=starter;rarity=rare;price=124;compute=4;stats=atk_bonus:2|bullet_ring_count:1"	"rarity_budget_clamp"	"Legacy price 124 and compute 4; normalized by rarity and pure-stat caps."
"1.0"	"equipment"	"auxiliary"	"paradise_salvo_kernel"	"天堂齐射核心"	""	""	""	""	"record"	"record"	"family=paradise;role=starter;rarity=rare;price=138;compute=5;stats=bullet_chain:2"	"rarity_budget_clamp"	"Legacy price 138 and compute 5; normalized by rarity and pure-stat caps."
"1.0"	"equipment"	"auxiliary"	"paradise_skyline_magazine"	"天堂天际弹仓"	""	""	""	""	"record"	"record"	"family=paradise;role=starter;rarity=common;price=90;compute=3;stats=bullet_charge:6.0"	"rarity_budget_clamp"	"Legacy price 92 and compute 3; normalized by rarity and pure-stat caps."
"1.0"	"equipment"	"auxiliary"	"paradise_cascade_nozzle"	"天堂瀑流喷口"	""	""	""	""	"record"	"record"	"family=paradise;role=starter;rarity=rare;price=146;compute=5;stats=bullet_ring_count:2"	"rarity_budget_clamp"	"Legacy price 146 and compute 5; normalized by rarity and pure-stat caps."
"1.0"	"equipment"	"auxiliary"	"paradise_starfall_clock"	"天堂坠星钟"	""	""	""	""	"record"	"record"	"family=paradise;role=bridge;rarity=epic;price=174;compute=6;stats=bridge_rule:split_secondary_trigger|bullet_pierce:3|proc_coefficient:0.35"	"rarity_budget_clamp"	"Legacy price 174 and compute 6; normalized by rarity and pure-stat caps."
"1.0"	"equipment"	"auxiliary"	"paradise_halo_lattice"	"天堂光环晶格"	""	""	""	""	"record"	"record"	"family=paradise;role=starter;rarity=common;price=78;compute=2;stats=bullet_pierce:1"	"rarity_budget_clamp"	"Legacy price 78 and compute 2; normalized by rarity and pure-stat caps."
"1.0"	"equipment"	"auxiliary"	"paradise_orbital_rake"	"天堂轨道耙"	""	""	""	""	"record"	"record"	"family=paradise;role=starter;rarity=rare;price=132;compute=4;stats=bullet_pierce:2"	"rarity_budget_clamp"	"Legacy price 132 and compute 4; normalized by rarity and pure-stat caps."
"1.0"	"equipment"	"auxiliary"	"paradise_plasma_conductor"	"天堂等离子导体"	""	""	""	""	"record"	"record"	"family=paradise;role=amplifier;rarity=common;price=84;compute=3;stats=bullet_speed_mult:1.14"	"rarity_budget_clamp"	"Legacy price 84 and compute 3; normalized by rarity and pure-stat caps."
"1.0"	"equipment"	"auxiliary"	"paradise_burst_synchronizer"	"天堂爆发同步器"	""	""	""	""	"record"	"record"	"family=paradise;role=starter;rarity=epic;price=188;compute=7;stats=bullet_charge:10.0"	"rarity_budget_clamp"	"Legacy price 188 and compute 7; normalized by rarity and pure-stat caps."
"1.0"	"equipment"	"auxiliary"	"warped_seek_processor"	"扭曲索敌处理器"	""	""	""	""	"record"	"record"	"family=warped;role=starter;rarity=common;price=78;compute=2;stats=homing_range:400.0|homing_strength:2.5"	"rarity_budget_clamp"	"Legacy price 78 and compute 2; normalized by rarity and pure-stat caps."
"1.0"	"equipment"	"auxiliary"	"warped_orbit_compass"	"扭曲轨道罗盘"	""	""	""	""	"record"	"record"	"family=warped;role=starter;rarity=common;price=86;compute=3;stats=homing_range:440.0|homing_strength:2.8"	"rarity_budget_clamp"	"Legacy price 86 and compute 3; normalized by rarity and pure-stat caps."
"1.0"	"equipment"	"auxiliary"	"warped_tide_hook"	"扭曲潮汐钩"	""	""	""	""	"record"	"record"	"family=warped;role=bridge;rarity=rare;price=128;compute=4;stats=bridge_rule:pulled_target_split|bullet_slow:0.5|proc_coefficient:0.5"	"rarity_budget_clamp"	"Legacy price 128 and compute 4; normalized by rarity and pure-stat caps."
"1.0"	"equipment"	"auxiliary"	"warped_mass_marker"	"扭曲质量标记器"	""	""	""	""	"record"	"record"	"family=warped;role=amplifier;rarity=common;price=90;compute=3;stats=bullet_mark_bonus:0.15"	"rarity_budget_clamp"	"Legacy price 92 and compute 3; normalized by rarity and pure-stat caps."
"1.0"	"equipment"	"auxiliary"	"warped_echo_lens"	"扭曲回声透镜"	""	""	""	""	"record"	"record"	"family=warped;role=amplifier;rarity=rare;price=136;compute=5;stats=bullet_mark_bonus:0.22"	"rarity_budget_clamp"	"Legacy price 136 and compute 5; normalized by rarity and pure-stat caps."
"1.0"	"equipment"	"auxiliary"	"warped_curve_predictor"	"扭曲曲线预言器"	""	""	""	""	"record"	"record"	"family=warped;role=starter;rarity=common;price=80;compute=2;stats=homing_range:360.0|homing_strength:2.0"	"rarity_budget_clamp"	"Legacy price 80 and compute 2; normalized by rarity and pure-stat caps."
"1.0"	"equipment"	"auxiliary"	"warped_null_sleeve"	"扭曲虚无套筒"	""	""	""	""	"record"	"record"	"family=warped;role=starter;rarity=rare;price=142;compute=5;stats=bullet_phase:3"	"rarity_budget_clamp"	"Legacy price 142 and compute 5; normalized by rarity and pure-stat caps."
"1.0"	"equipment"	"auxiliary"	"warped_pulse_snare"	"扭曲脉冲索套"	""	""	""	""	"record"	"record"	"family=warped;role=starter;rarity=rare;price=150;compute=5;stats=bullet_blackhole:440.0"	"rarity_budget_clamp"	"Legacy price 150 and compute 5; normalized by rarity and pure-stat caps."
"1.0"	"equipment"	"auxiliary"	"warped_magnetar_seed"	"扭曲磁星种子"	""	""	""	""	"record"	"record"	"family=warped;role=starter;rarity=epic;price=176;compute=6;stats=homing_range:620.0|homing_strength:6.0"	"rarity_budget_clamp"	"Legacy price 176 and compute 6; normalized by rarity and pure-stat caps."
"1.0"	"equipment"	"auxiliary"	"warped_lensing_core"	"扭曲透镜核心"	""	""	""	""	"record"	"record"	"family=warped;role=amplifier;rarity=common;price=88;compute=3;stats=bullet_slow:0.3"	"rarity_budget_clamp"	"Legacy price 88 and compute 3; normalized by rarity and pure-stat caps."
"1.0"	"equipment"	"auxiliary"	"warped_gravity_wake"	"扭曲引力尾迹"	""	""	""	""	"record"	"record"	"family=warped;role=starter;rarity=rare;price=154;compute=5;stats=bullet_phase:2"	"rarity_budget_clamp"	"Legacy price 154 and compute 5; normalized by rarity and pure-stat caps."
"1.0"	"equipment"	"auxiliary"	"warped_event_harpoon"	"扭曲事件鱼叉"	""	""	""	""	"record"	"record"	"family=warped;role=bridge;rarity=epic;price=190;compute=7;stats=atk_bonus:2|bridge_rule:gravity_well_projectile_recast|bullet_blackhole:560.0|proc_coefficient:0.5"	"rarity_budget_clamp"	"Legacy price 190 and compute 7; normalized by rarity and pure-stat caps."
"1.0"	"equipment"	"auxiliary"	"hell_eye_heat_credit"	"地狱热债凭证"	""	""	""	""	"record"	"record"	"family=hell_eye;role=amplifier;rarity=common;price=76;compute=2;stats=frenzy_gain_mult:1.12"	"rarity_budget_clamp"	"Legacy price 76 and compute 2; normalized by rarity and pure-stat caps."
"1.0"	"equipment"	"auxiliary"	"hell_eye_adrenal_pump"	"地狱肾上腺泵"	""	""	""	""	"record"	"record"	"family=hell_eye;role=amplifier;rarity=common;price=84;compute=3;stats=frenzy_gain_mult:1.16|speed_mult:1.03"	"rarity_budget_clamp"	"Legacy price 84 and compute 3; normalized by rarity and pure-stat caps."
"1.0"	"equipment"	"auxiliary"	"hell_eye_red_suture"	"地狱红缝线"	""	""	""	""	"record"	"record"	"family=hell_eye;role=amplifier;rarity=rare;price=128;compute=4;stats=atk_bonus:1|frenzy_damage_taken_mult:0.88"	"rarity_budget_clamp"	"Legacy price 128 and compute 4; normalized by rarity and pure-stat caps."
"1.0"	"equipment"	"auxiliary"	"hell_eye_fever_clock"	"地狱热病钟"	""	""	""	""	"record"	"record"	"family=hell_eye;role=starter;rarity=common;price=90;compute=3;stats=frenzy_fire_rate_mult:0.94|frenzy_gain_mult:1.14"	"rarity_budget_clamp"	"Legacy price 90 and compute 3; normalized by rarity and pure-stat caps."
"1.0"	"equipment"	"auxiliary"	"hell_eye_ember_limiter"	"地狱余烬限幅器"	""	""	""	""	"record"	"record"	"family=hell_eye;role=amplifier;rarity=rare;price=138;compute=5;stats=frenzy_damage_taken_mult:0.86|frenzy_gain_mult:1.1"	"rarity_budget_clamp"	"Legacy price 138 and compute 5; normalized by rarity and pure-stat caps."
"1.0"	"equipment"	"auxiliary"	"hell_eye_pain_index"	"地狱痛觉索引"	""	""	""	""	"record"	"record"	"family=hell_eye;role=amplifier;rarity=common;price=82;compute=2;stats=frenzy_gain_mult:1.18"	"rarity_budget_clamp"	"Legacy price 82 and compute 2; normalized by rarity and pure-stat caps."
"1.0"	"equipment"	"auxiliary"	"hell_eye_iris_cache"	"地狱虹膜缓存"	""	""	""	""	"record"	"record"	"family=hell_eye;role=starter;rarity=rare;price=146;compute=5;stats=atk_bonus:1|frenzy_fire_rate_mult:0.9|frenzy_gain_mult:1.18"	"rarity_budget_clamp"	"Legacy price 146 and compute 5; normalized by rarity and pure-stat caps."
"1.0"	"equipment"	"auxiliary"	"hell_eye_blood_meter"	"地狱血温计"	""	""	""	""	"record"	"record"	"family=hell_eye;role=amplifier;rarity=common;price=88;compute=3;stats=frenzy_gain_mult:1.18"	"rarity_budget_clamp"	"Legacy price 88 and compute 3; normalized by rarity and pure-stat caps."
"1.0"	"equipment"	"auxiliary"	"hell_eye_overheat_spur"	"地狱过热马刺"	""	""	""	""	"record"	"record"	"family=hell_eye;role=amplifier;rarity=epic;price=174;compute=6;stats=fire_rate_mult:0.96|frenzy_fire_rate_mult:0.82"	"rarity_budget_clamp"	"Legacy price 174 and compute 6; normalized by rarity and pure-stat caps."
"1.0"	"equipment"	"auxiliary"	"hell_eye_frenzy_relay"	"地狱狂热继电器"	""	""	""	""	"record"	"record"	"family=hell_eye;role=bridge;rarity=rare;price=152;compute=5;stats=atk_bonus:2|bridge_rule:frenzy_reset_oldest_mechanic|frenzy_damage_taken_mult:0.9|proc_coefficient:0.5"	"rarity_budget_clamp"	"Legacy price 152 and compute 5; normalized by rarity and pure-stat caps."
"1.0"	"equipment"	"auxiliary"	"hell_eye_wound_chorus"	"地狱创口合唱"	""	""	""	""	"record"	"record"	"family=hell_eye;role=bridge;rarity=common;price=90;compute=3;stats=bridge_rule:damage_event_to_heat|frenzy_gain_mult:1.15|proc_coefficient:0.5|speed_mult:1.04"	"rarity_budget_clamp"	"Legacy price 94 and compute 3; normalized by rarity and pure-stat caps."
"1.0"	"equipment"	"auxiliary"	"hell_eye_last_stand_logic"	"地狱背水逻辑"	""	""	""	""	"record"	"record"	"family=hell_eye;role=starter;rarity=epic;price=196;compute=7;stats=atk_bonus:2|frenzy_damage_taken_mult:0.86|frenzy_fire_rate_mult:0.86|frenzy_gain_mult:1.24"	"rarity_budget_clamp"	"Legacy price 196 and compute 7; normalized by rarity and pure-stat caps."
"1.0"	"equipment"	"auxiliary"	"divine_wingman_bus"	"神使僚机总线"	""	""	""	""	"record"	"record"	"family=divine;role=starter;rarity=common;price=86;compute=3;stats=drone_behavior:shooter|drone_slots:1"	"rarity_budget_clamp"	"Legacy price 86 and compute 3; normalized by rarity and pure-stat caps."
"1.0"	"equipment"	"auxiliary"	"divine_swarm_router"	"神使蜂群路由器"	""	""	""	""	"record"	"record"	"family=divine;role=amplifier;rarity=rare;price=138;compute=5;stats=drone_behavior:shooter|drone_damage_mult:1.15|drone_slots:1"	"rarity_budget_clamp"	"Legacy price 138 and compute 5; normalized by rarity and pure-stat caps."
"1.0"	"equipment"	"auxiliary"	"divine_oracle_port"	"神使神谕端口"	""	""	""	""	"record"	"record"	"family=divine;role=starter;rarity=common;price=80;compute=2;stats=drone_behavior:medic|drone_slots:1"	"rarity_budget_clamp"	"Legacy price 80 and compute 2; normalized by rarity and pure-stat caps."
"1.0"	"equipment"	"auxiliary"	"divine_repair_familiar"	"神使修复使魔"	""	""	""	""	"record"	"record"	"family=divine;role=starter;rarity=rare;price=132;compute=4;stats=drone_behavior:medic|drone_heal_amount:7.0|drone_slots:1"	"rarity_budget_clamp"	"Legacy price 132 and compute 4; normalized by rarity and pure-stat caps."
"1.0"	"equipment"	"auxiliary"	"divine_lantern_node"	"神使灯塔节点"	""	""	""	""	"record"	"record"	"family=divine;role=starter;rarity=common;price=90;compute=3;stats=drone_behavior:guardian|drone_slots:1"	"rarity_budget_clamp"	"Legacy price 92 and compute 3; normalized by rarity and pure-stat caps."
"1.0"	"equipment"	"auxiliary"	"divine_auto_hangar"	"神使自动机库"	""	""	""	""	"record"	"record"	"family=divine;role=starter;rarity=epic;price=184;compute=7;stats=drone_behavior:shooter|drone_slots:2"	"rarity_budget_clamp"	"Legacy price 184 and compute 7; normalized by rarity and pure-stat caps."
"1.0"	"equipment"	"auxiliary"	"divine_choir_protocol"	"神使圣歌协议"	""	""	""	""	"record"	"record"	"family=divine;role=bridge;rarity=rare;price=146;compute=5;stats=bridge_rule:drone_player_onhit|drone_behavior:guardian|drone_shield_radius:300.0|drone_slots:1|proc_coefficient:0.35"	"rarity_budget_clamp"	"Legacy price 146 and compute 5; normalized by rarity and pure-stat caps."
"1.0"	"equipment"	"auxiliary"	"divine_remote_gunner"	"神使遥控炮手"	""	""	""	""	"record"	"record"	"family=divine;role=amplifier;rarity=common;price=90;compute=3;stats=atk_bonus:1|drone_behavior:shooter|drone_slots:1"	"rarity_budget_clamp"	"Legacy price 96 and compute 3; normalized by rarity and pure-stat caps."
"1.0"	"equipment"	"auxiliary"	"divine_seed_vault"	"神使种子舱"	""	""	""	""	"record"	"record"	"family=divine;role=starter;rarity=rare;price=150;compute=5;stats=drone_behavior:miner|drone_mining_radius:280.0|drone_slots:1|mineral_bonus:0.1"	"rarity_budget_clamp"	"Legacy price 150 and compute 5; normalized by rarity and pure-stat caps."
"1.0"	"equipment"	"auxiliary"	"divine_tactical_nest"	"神使战术巢"	""	""	""	""	"record"	"record"	"family=divine;role=starter;rarity=epic;price=172;compute=6;stats=drone_behavior:medic|drone_slots:1"	"rarity_budget_clamp"	"Legacy price 172 and compute 6; normalized by rarity and pure-stat caps."
"1.0"	"equipment"	"auxiliary"	"divine_pulse_familiar"	"神使脉冲使魔"	""	""	""	""	"record"	"record"	"family=divine;role=starter;rarity=common;price=84;compute=2;stats=drone_behavior:kamikaze|drone_slots:1"	"rarity_budget_clamp"	"Legacy price 84 and compute 2; normalized by rarity and pure-stat caps."
"1.0"	"equipment"	"auxiliary"	"divine_companion_kernel"	"神使伴星核心"	""	""	""	""	"record"	"record"	"family=divine;role=bridge;rarity=rare;price=155;compute=5;stats=bridge_rule:drone_hit_heat|drone_behavior:kamikaze|drone_blast_damage_mult:1.4|drone_slots:1|proc_coefficient:0.5"	"rarity_budget_clamp"	"Legacy price 158 and compute 5; normalized by rarity and pure-stat caps."
"1.0"	"equipment"	"auxiliary"	"general_contract_scanner"	"契约扫描仪"	""	""	""	""	"record"	"record"	"family=general;role=stabilizer;rarity=common;price=72;compute=2;stats=mineral_bonus:0.1"	"rarity_budget_clamp"	"Legacy price 72 and compute 2; normalized by rarity and pure-stat caps."
"1.0"	"equipment"	"auxiliary"	"general_supply_predictor"	"补给预报器"	""	""	""	""	"record"	"record"	"family=general;role=stabilizer;rarity=common;price=84;compute=3;stats=mineral_bonus:0.1|speed_mult:1.04"	"rarity_budget_clamp"	"Legacy price 84 and compute 3; normalized by rarity and pure-stat caps."
"1.0"	"equipment"	"auxiliary"	"general_stability_chip"	"稳定芯片"	""	""	""	""	"record"	"record"	"family=general;role=stabilizer;rarity=common;price=78;compute=2;stats=atk_bonus:1|speed_mult:1.03"	"rarity_budget_clamp"	"Legacy price 78 and compute 2; normalized by rarity and pure-stat caps."
"1.0"	"equipment"	"auxiliary"	"general_salvage_ledger"	"回收账本"	""	""	""	""	"record"	"record"	"family=general;role=stabilizer;rarity=rare;price=118;compute=4;stats=evac_mineral_bonus:0.2|mineral_bonus:0.1"	"rarity_budget_clamp"	"Legacy price 118 and compute 4; normalized by rarity and pure-stat caps."
"1.0"	"equipment"	"auxiliary"	"general_microfoundry"	"微型铸炉"	""	""	""	""	"record"	"record"	"family=general;role=stabilizer;rarity=rare;price=126;compute=4;stats=kill_lifesteal:2.0|mineral_bonus:0.08"	"rarity_budget_clamp"	"Legacy price 126 and compute 4; normalized by rarity and pure-stat caps."
"1.0"	"equipment"	"auxiliary"	"colossus_quarry_mandrel"	"巨构采场心轴"	""	""	""	""	"record"	"record"	"family=colossus;role=starter;rarity=rare;price=155;compute=5;stats=dash_mining:1.0|mineral_bonus:0.12"	"rarity_budget_clamp"	"Legacy price 156 and compute 5; normalized by rarity and pure-stat caps."
"1.0"	"equipment"	"auxiliary"	"colossus_orebreaker_keel"	"巨构碎矿龙骨"	""	""	""	""	"record"	"record"	"family=colossus;role=starter;rarity=epic;price=206;compute=7;stats=dash_mining:1.0|mineral_bonus:0.16"	"rarity_budget_clamp"	"Legacy price 206 and compute 7; normalized by rarity and pure-stat caps."
"1.0"	"equipment"	"auxiliary"	"paradise_mining_barrage"	"天堂采矿弹幕"	""	""	""	""	"record"	"record"	"family=paradise;role=starter;rarity=rare;price=150;compute=5;stats=bullet_dot_damage_mult:0.3|mineral_bonus:0.1"	"rarity_budget_clamp"	"Legacy price 150 and compute 5; normalized by rarity and pure-stat caps."
"1.0"	"equipment"	"auxiliary"	"paradise_lumen_belt"	"天堂辉流弹带"	""	""	""	""	"record"	"record"	"family=paradise;role=starter;rarity=epic;price=198;compute=6;stats=bullet_dot_damage_mult:0.4|mineral_bonus:0.14"	"rarity_budget_clamp"	"Legacy price 198 and compute 6; normalized by rarity and pure-stat caps."
"1.0"	"equipment"	"auxiliary"	"warped_quarry_lens"	"扭曲采场透镜"	""	""	""	""	"record"	"record"	"family=warped;role=starter;rarity=rare;price=155;compute=5;stats=gravity_pull_radius:240.0|gravity_pull_strength:420.0|mineral_bonus:0.12"	"rarity_budget_clamp"	"Legacy price 158 and compute 5; normalized by rarity and pure-stat caps."
"1.0"	"equipment"	"auxiliary"	"warped_treasure_orbit"	"扭曲珍藏轨环"	""	""	""	""	"record"	"record"	"family=warped;role=amplifier;rarity=epic;price=212;compute=7;stats=bullet_mark_bonus:0.3|mineral_bonus:0.15"	"rarity_budget_clamp"	"Legacy price 212 and compute 7; normalized by rarity and pure-stat caps."
"1.0"	"equipment"	"auxiliary"	"hell_eye_molten_ledger"	"地狱熔账"	""	""	""	""	"record"	"record"	"family=hell_eye;role=amplifier;rarity=rare;price=152;compute=5;stats=frenzy_damage_taken_mult:0.94|frenzy_gain_mult:1.2|mineral_bonus:0.1"	"rarity_budget_clamp"	"Legacy price 152 and compute 5; normalized by rarity and pure-stat caps."
"1.0"	"equipment"	"auxiliary"	"hell_eye_redline_collector"	"地狱红线收集器"	""	""	""	""	"record"	"record"	"family=hell_eye;role=starter;rarity=epic;price=204;compute=6;stats=frenzy_damage_mult:1.18|frenzy_fire_rate_mult:0.9|mineral_bonus:0.14"	"rarity_budget_clamp"	"Legacy price 204 and compute 6; normalized by rarity and pure-stat caps."
"1.0"	"equipment"	"auxiliary"	"divine_salvage_squadron"	"神使回收中队"	""	""	""	""	"record"	"record"	"family=divine;role=starter;rarity=rare;price=155;compute=5;stats=drone_behavior:miner|drone_mining_radius:380.0|drone_slots:1|mineral_bonus:0.11"	"rarity_budget_clamp"	"Legacy price 164 and compute 5; normalized by rarity and pure-stat caps."
"1.0"	"equipment"	"auxiliary"	"divine_foundry_companion"	"神使铸炉伴星"	""	""	""	""	"record"	"record"	"family=divine;role=starter;rarity=epic;price=218;compute=7;stats=drone_behavior:miner|drone_mining_radius:400.0|drone_slots:1|mineral_bonus:0.16"	"rarity_budget_clamp"	"Legacy price 218 and compute 7; normalized by rarity and pure-stat caps."
"1.0"	"equipment"	"auxiliary"	"general_ore_beacon_array"	"矿脉信标阵列"	""	""	""	""	"record"	"record"	"family=general;role=stabilizer;rarity=rare;price=136;compute=4;stats=mineral_bonus:0.14|speed_mult:1.05"	"rarity_budget_clamp"	"Legacy price 136 and compute 4; normalized by rarity and pure-stat caps."
"1.0"	"equipment"	"auxiliary"	"general_extraction_cradle"	"撤离摇篮"	""	""	""	""	"record"	"record"	"family=general;role=stabilizer;rarity=epic;price=188;compute=6;stats=atk_bonus:2|evac_mineral_bonus:0.35"	"rarity_budget_clamp"	"Legacy price 188 and compute 6; normalized by rarity and pure-stat caps."
